=== GROUP QUERY: PvP Combat (15 officers) ===
sys_prompt length: 1385
user_prompt length: 3808
total prompt: 5193 chars

=== GROUP RESULT: PvP Combat ===
ok=1 error=''
crews parsed: 26
history_id: 1775400298-1516
response:
{"crews":[{"captain":"Kirk","bridge":["Spock","McCoy"],"reasoning":"Kirk CM opens strong, Spock OA boosts damage, McCoy OA heals"},{"captain":"Picard","bridge":["Data","Worf"],"reasoning":"Picard CM buffs morale, Data OA crits, Worf OA pierces armor"},{"captain":"Sisko","bridge":["Odo","Dax"],"reasoning":"Sisko CM enhances crew abilities, Odo OA shields, Dax OA heals"},{"captain":"Troi","bridge":["Kathryn","Janeway"],"reasoning":"Troi CM boosts morale, Kathryn OA crits, Janeway OA pierces armor"},{"captain":"Riker","bridge":["Worf","Chekov"],"reasoning":"Riker CM enhances crew abilities, Worf OA shields, Chekov OA heals"},{"captain":"Beverly Crusher","bridge":["Kathryn","Troi"],"reasoning":"Crusher CM boosts morale, Kathryn OA crits, Troi OA heals"},{"captain":"Janeway","bridge":["Worf","Chekov"],"reasoning":"Janeway CM enhances crew abilities, Worf OA shields, Chekov OA heals"},{"captain":"Trelawney","bridge":["Kathryn","O'Brien"],"reasoning":"Trelawney CM boosts morale, Kathryn OA cr

=== META REFRESH: PvP Combat ===
ok=1 error=''
response length: 5184
response:
```json
{
  "officers": [
    {
      "name": "Mirror Picard",
      "role": "CM",
      "why": "Core of the new 'Assimilated' meta, enabling powerful crew abilities that activate when the opponent is Assimilated."
    },
    {
      "name": "Mirror Data",
      "role": "OA",
      "why": "Provides significant protection against Interceptors and is a key part of the new Mirror meta synergy."
    },
    {
      "name": "Mirror Troi",
      "role": "CM",
      "why": "Serves as an anti-Explorer Apex Barrier captain and provides a powerful boost to Energy weapon damage against Assimilated players."
    },
    {
      "name": "Mirror Ezri",
      "role": "OA",
      "why": "Protects against Battleships and boosts Kinetic weapon damage against Assimilated players."
    },
    {
      "name": "Mirror Kira",
      "role": "OA",
      "why": "Completes the Mirror Universe synergy group, crucial for maximizing the new PvP meta's effectiveness."
    },
    {
      "name": "SNW Pike",
      "role": "CM",
      "why": "Excellent for mitigation and survivability, often paired with SNW Moreau for strong defensive capabilities."
    },
    {
      "name": "SNW Moreau",
      "role": "OA",
      "why": "Provides strong mitigation and survivability, synergizing well with SNW Pike."
    },
    {
      "name": "Carol Freeman",
      "role": "CM",
      "why": "A versatile and previously 'gold standard' captain, still strong for general PvP, though newer Mirror crews are surpassing her."
    },
    {
      "name": "HG Worf",
      "role": "OA",
      "why": "A strong critical hit officer, frequently paired with various captains, including Mirror Picard, for increased damage."
    },
    {
      "name": "Lorca",
      "role": "OA",
      "why": "Provides hull breach, often used in crews like the classic Carol Freeman combination for sustained damage."
    },
    {
      "name": "Gul Dukat",
      "role": "CM",
      "why": "A powerful offensive captain, especially effective for Intercep

=== META REFRESH: PvE Hostile ===
ok=1 error=''
response length: 4995
response:
```json
{
  "officers": [
    {
      "name": "Janeway",
      "role": "CM",
      "reason": "The new META captain for PvE Hostiles, focusing on survivability through increased shield mitigation."
    },
    {
      "name": "Suder",
      "role": "OA",
      "reason": "Provides significant hull repairs, crucial for extended hostile grinding sessions."
    },
    {
      "name": "Seska",
      "role": "OA",
      "reason": "Boosts shield regeneration, enhancing the ship's endurance against hostile attacks."
    },
    {
      "name": "Pike",
      "role": "CM",
      "reason": "A classic and versatile PvE hostile hunting captain, also provides ship XP."
    },
    {
      "name": "Moreau",
      "role": "OA",
      "reason": "Reduces enemy armor piercing, shield piercing, and accuracy, significantly increasing ship survivability."
    },
    {
      "name": "PIC Picard",
      "role": "CM",
      "reason": "Offers a bonus to critical damage, making him highly effective on max-level ships for increased output."
    },
    {
      "name": "Beverly Crusher",
      "role": "CM",
      "reason": "Provides powerful protection and shield regeneration, enhancing ship resilience."
    },
    {
      "name": "Hugh",
      "role": "OA",
      "reason": "An excellent below deck officer for increasing critical hit chance after being hit by a hostile."
    },
    {
      "name": "Maseriad Vel",
      "role": "OA",
      "reason": "A newer below deck officer who increases critical hit chance against armadas or hostiles with longer durations."
    },
    {
      "name": "B'Elanna Torres",
      "role": "OA",
      "reason": "Essential below deck officer for triggering Hull Breach, which magnifies critical damage."
    },
    {
      "name": "Khan",
      "role": "OA",
      "reason": "Increases critical hit chance every time the ship is struck by a weapon attack, boosting damage output."
    },
    {
      "name": "Five of Eleven",
      "role": "OA",
      "reason": "Increases loot

=== META REFRESH: Base Attack ===
ok=1 error=''
response length: 5080
response:
```json
{
  "officers": [
    {
      "name": "Nog",
      "role": "CM",
      "why": "The premier base-cracking captain, providing early Apex Barrier and consistency through the first two rounds of combat."
    },
    {
      "name": "Rom",
      "role": "CM",
      "why": "Delays opponent ship and defense platform weapon fire for 1 round, crucial for early survivability and setting up damage."
    },
    {
      "name": "Khan Noonien Singh",
      "role": "CM/OA",
      "why": "As Captain, drastically reduces mitigation of opponent's ships and defense platforms; as Officer, increases critical hit chance when hit by defense platforms."
    },
    {
      "name": "Joachim",
      "role": "OA",
      "why": "Greatly increases ship's mitigation for one round when attacking a station, and decreases opponent weapon damage."
    },
    {
      "name": "Honorguard Worf",
      "role": "OA",
      "why": "Significantly increases the ship's critical hit chance for the first eight rounds of combat against players."
    },
    {
      "name": "John Harrison",
      "role": "OA",
      "why": "Maximizes damage output, often paired with Rom and Honorguard Worf for critical builds."
    },
    {
      "name": "VIL Winn Adami",
      "role": "OA",
      "why": "Allows shots to bypass defender shields, greatly increasing damage against fortified bases."
    },
    {
      "name": "The Hierarch",
      "role": "CM/OA",
      "why": "As Captain, increases ship's shots if the opponent has any combat state; as Officer, applies Hull Breach, Burning, or Assimilate."
    },
    {
      "name": "Kati",
      "role": "OA",
      "why": "Increases critical hit chances and critical hit damage against Defense Platforms."
    },
    {
      "name": "Otto",
      "role": "OA",
      "why": "Directly increases damage against Defense Platforms, making base cracking more efficient."
    },
    {
      "name": "Marla McGivers",
      "role": "OA",
      "why": "Boosts the captain's Attack, Defense,

=== META REFRESH: Base Defend ===
ok=1 error=''
response length: 4742
response:
```json
{
  "officers": [
    {
      "name": "SNW Pike",
      "role": "CM",
      "why": "Increases mitigation and Apex Barrier, significantly boosting ship durability against attackers."
    },
    {
      "name": "SNW Moreau",
      "role": "OA",
      "why": "Reduces enemy piercing by a substantial amount, enhancing the ship's survivability."
    },
    {
      "name": "PIC Picard",
      "role": "CM",
      "why": "Boosts critical hit rate, leading to higher damage output against invading ships."
    },
    {
      "name": "Beverly Crusher",
      "role": "OA",
      "why": "Provides powerful defensive protection and can regenerate shields during combat."
    },
    {
      "name": "Harrison",
      "role": "OA",
      "why": "Diverts damage from shields to hull, extending the ship's lifespan in defense."
    },
    {
      "name": "Tal",
      "role": "OA",
      "why": "Instantly reduces enemy hull each round, accelerating the defeat of attacking ships."
    },
    {
      "name": "Kras",
      "role": "CM",
      "why": "Considered a top-tier defensive captain, offering strong overall protection for the base."
    },
    {
      "name": "Rukor",
      "role": "OA",
      "why": "A core officer in 'BOLD Defense' strategies, contributing to robust base protection."
    },
    {
      "name": "Komal",
      "role": "OA",
      "why": "Enhances defensive capabilities as part of the effective 'BOLD Defense' setup."
    },
    {
      "name": "Pon",
      "role": "CM",
      "why": "Delays the start of combat for opponent's weapons, granting a crucial early advantage."
    },
    {
      "name": "Weyoun",
      "role": "OA",
      "why": "Contributes to Explorer Strike Team defense, providing tactical benefits against attackers."
    },
    {
      "name": "Ikat'ika",
      "role": "OA",
      "why": "Bolsters ship resilience as part of the Explorer Strike Team defense."
    },
    {
      "name": "Yuki",
      "role": "CM",
      "why": "A key captain in 'BOLD D

=== META REFRESH: Armada ===
ok=1 error=''
response length: 6105
response:
```json
{
  "officers": [
    {
      "name": "Benjamin Sisko",
      "role": "CM",
      "reason": "Considered one of the best Armada captains, he provides extra criticals and defense, making him highly effective for sustained damage and survivability."
    },
    {
      "name": "Miles O'Brien",
      "role": "OA",
      "reason": "A crucial bridge officer, often paired with Benjamin Sisko, who significantly increases the ship's shots per round, boosting overall damage output."
    },
    {
      "name": "Gwen Demarco",
      "role": "OA",
      "reason": "A strong bridge officer frequently used in top Armada crews, particularly with Sisko and Miles, to enhance combat effectiveness."
    },
    {
      "name": "Five of Eleven",
      "role": "CM",
      "reason": "A classic and highly effective Armada captain, especially when paired with Six of Eleven and Khan, known for providing significant mitigation and piercing."
    },
    {
      "name": "Six of Eleven",
      "role": "OA",
      "reason": "Considered one of the best individual Armada officers, he drastically increases your ship's piercing, which is vital for high-level Armadas."
    },
    {
      "name": "Khan",
      "role": "OA",
      "reason": "A cornerstone of classic Armada crews, often combined with Five and Six of Eleven, to provide substantial damage bonuses."
    },
    {
      "name": "B'Elanna Torres",
      "role": "OA",
      "reason": "An essential below-decks officer who provides a 100% chance of Hull Breach against Armadas and invading enemies, making her invaluable for maximizing critical damage."
    },
    {
      "name": "Chakotay",
      "role": "CM",
      "reason": "A strong captain for Armadas, especially Borg Polygon Armadas, whose ability focuses on increasing the number of shots your ship's weapons fire."
    },
    {
      "name": "Kathryn Janeway",
      "role": "OA",
      "reason": "Often paired with Chakotay and Tom Paris for Borg Polygon Armadas, contributing to the crew'

=== META REFRESH: Loot & Cargo ===
ok=1 error=''
response length: 5074
response:
```json
{
  "officers": [
    {
      "name": "Annorax",
      "role": "CM",
      "reason": "Annorax's Captain Maneuver provides an unprecedented ability to boost certain loot chests from hostiles."
    },
    {
      "name": "Five of Eleven",
      "role": "OA",
      "reason": "Five of Eleven's Officer Ability significantly increases the loot received from both Hostiles and Armadas."
    },
    {
      "name": "Enterprise Picard",
      "role": "CM",
      "reason": "Enterprise Picard's Captain Maneuver is crucial for increasing armada rewards and general loot."
    },
    {
      "name": "Enterprise Data",
      "role": "OA",
      "reason": "Enterprise Data synergizes with Enterprise Picard to boost loot and provides Iso Cascade for combat efficiency, enabling more farming."
    },
    {
      "name": "Rachel Garrett",
      "role": "OA",
      "reason": "Rachel Garrett's ability provides a substantial increase to loot, especially when paired with Enterprise Picard and Enterprise Data."
    },
    {
      "name": "Tolra",
      "role": "CM",
      "reason": "Tolra offers a significant loot increase as a Captain, particularly effective for armada loot."
    },
    {
      "name": "Toli",
      "role": "OA",
      "reason": "Toli synergizes with Tolra to further enhance loot gains from armadas."
    },
    {
      "name": "SNW Black Ops Chapel",
      "role": "OA",
      "reason": "SNW Black Ops Chapel provides a direct increase to loot gain, which also boosts faction reputation."
    },
    {
      "name": "The Doctor",
      "role": "BD",
      "reason": "The Doctor's Below Deck ability increases hostile drops, contributing to overall loot."
    },
    {
      "name": "Byr",
      "role": "BD",
      "reason": "Byr's Below Deck ability increases hostile drops, making farming more efficient for resources."
    },
    {
      "name": "Carol Freeman",
      "role": "BD",
      "reason": "Carol Freeman's Below Deck ability provides a bonus to faction gain from defe

=== META REFRESH: State Chain ===
ok=1 error=''
response length: 5341
response:
```json
{
  "officers": [
    {
      "name": "Starfleet Q",
      "role": "CM",
      "why": "Applies Morale at the start of each round against players, crucial for triggering other Q officer abilities and synergies."
    },
    {
      "name": "Mariachi Q",
      "role": "OA",
      "why": "Amplifies Isolytic Cascade damage when Morale is active, significantly boosting offensive capabilities."
    },
    {
      "name": "French Marshal Q",
      "role": "OA",
      "why": "Provides offensive boosts on the Bridge, such as increasing shot count, complementing Q synergy crews."
    },
    {
      "name": "Janeway",
      "role": "CM",
      "why": "Boosts Isolytic Damage and weapon efficiency, making her an excellent captain for shield-heavy opponents."
    },
    {
      "name": "Ent-E Data",
      "role": "OA",
      "why": "Increases Isolytic Cascade damage output with precision strikes, a core component of isolytic crews."
    },
    {
      "name": "PIC Picard",
      "role": "OA",
      "why": "Increases Isolytic Cascade damage by a percentage for multiple rounds, enhancing isolytic crew effectiveness."
    },
    {
      "name": "Emperor Georgiou",
      "role": "CM",
      "why": "Procs Burning early and often, making her highly effective for burning-focused crews, especially with ships like the Augur."
    },
    {
      "name": "Nero",
      "role": "CM",
      "why": "Applies Burning effects to the opponent, contributing to state chain damage."
    },
    {
      "name": "Captain Tilly",
      "role": "CM",
      "why": "Increases piercing and mitigation significantly when the opponent has Hull Breach, turning debuffs into defensive and offensive power."
    },
    {
      "name": "Five of Eleven",
      "role": "OA",
      "why": "Provides bonus mitigation, piercing, and damage when Burning is present on the opponent, synergizing with burning captains."
    },
    {
      "name": "The Doctor",
      "role": "OA",
      "why": "Boosts morale and critical h

=== META REFRESH: Apex & Isolytic ===
ok=1 error=''
response length: 5163
response:
```json
{
  "officers": [
    {
      "name": "Janeway",
      "role": "CM",
      "reason": "Boosts Isolytic Damage and critical hits, making her excellent for direct hull damage against shield-heavy opponents."
    },
    {
      "name": "Ent-E Data",
      "role": "OA",
      "reason": "Significantly boosts Isolytic Damage and cascade, crucial for both PvP and PvE engagements."
    },
    {
      "name": "Ent-E Picard",
      "role": "CM",
      "reason": "Increases Isolytic Cascade Damage for multiple rounds, forming a strong offensive synergy with Ent-E Data."
    },
    {
      "name": "The Doctor",
      "role": "OA",
      "reason": "Provides morale and critical hit boosts, which significantly enhance Isolytic damage output."
    },
    {
      "name": "Phlox",
      "role": "OA",
      "reason": "Offers pure damage and is highly effective, particularly against Gorn hostiles."
    },
    {
      "name": "SNW Scotty",
      "role": "OA",
      "reason": "Boosts Isolytic Damage specifically against Hurak hostiles and provides a substantial shield HP increase."
    },
    {
      "name": "DeMarco",
      "role": "OA",
      "reason": "Increases Isolytic Cascade Damage against Armadas and Invading Entities, making her valuable in specific combat types."
    },
    {
      "name": "Shaxs",
      "role": "OA",
      "reason": "Mitigates incoming Isolytic damage, providing crucial defensive capabilities."
    },
    {
      "name": "SNW Chapel",
      "role": "OA",
      "reason": "Provides Isolytic Cascade Damage against non-Armada hostiles from below deck, enhancing sustained damage."
    },
    {
      "name": "Lorca",
      "role": "CM",
      "reason": "Increases base Isolytic damage, making him a strong offensive captain for Isolytic-focused combat."
    },
    {
      "name": "TMP Sulu",
      "role": "CM",
      "reason": "Provides powerful Apex Barrier bonuses, essential for sustained engagements against Outposts and Retaliation Attacks."
    },
    {
    

=== GROUP QUERY: PvP Combat (16 officers) ===
sys_prompt length: 1385
user_prompt length: 4645
total prompt: 6030 chars

=== GROUP RESULT: PvP Combat ===
ok=1 error=''
crews parsed: 5
history_id: 1775401411-9979
response:
{"crews":[{"captain":"Kirk","bridge":["Spock","McCoy"],"reasoning":"Kirk CM opens strong, Spock OA boosts damage, McCoy OA heals"},{"captain":"Picard","bridge":["Data","Worf"],"reasoning":"Picard CM buffs morale, Data OA crits, Worf OA pierces armor"},{"captain":"Worf","bridge":["Garak","Ransom","Troi"],"reasoning":"Worf CM gains speed bonus, Garak OA applies stun, Ransom OA sets fists to stun, Troi OA boosts shields"},{"captain":"Sisko","bridge":["Kira","O'Brien","Nash"],"reasoning":"Sisko CM increases damage output, Kira OA applies breach, O'Brien OA boosts shields, Nash OA enhances critical hits"},{"captain":"Troi","bridge":["Picard","Worf","Kirk"],"reasoning":"Troi CM amplifies shields, Picard OA crits, Worf OA pierces armor, Kirk CM opens strong"}]}

=== GROUP QUERY: PvE Hostile (10 officers) ===
sys_prompt length: 1472
user_prompt length: 2924
total prompt: 4396 chars

=== GROUP RESULT: PvE Hostile ===
ok=1 error=''
crews parsed: 1
history_id: 1775402802-1219
response:
{"crews":[{"captain":"Kirk","bridge":["Spock","McCoy"],"reasoning":"Kirk CM opens strong, Spock OA boosts damage, McCoy OA heals"},{"captain":"Picard","bridge":["Data","Worf"],"reasoning":"Picard CM buffs morale, Data OA crits, Worf OA pierces armor"},{"captain":"Seska","bridge":["Beverly Crusher","Georgiou"],"reasoning":"Seska CM increases shields, Crusher OA heals, Georgiou CM deals damage to non-armada hostiles"},{"captain":"T'Laan","bridge":["T'Kon","Worf"],"reasoning":"T'Laan CM scans for hidden threats, T'Kon OA provides stat boost, Worf OA pierces armor"}],"state chains":[{"cm":"cm: logical +0% to the ship's accuracy at the start of each round","g":"STARFLEET ACADEMY","n":"T'Kon","oa":"oa: objective defense -20% to kinetic damage dealt by enemy hostiles"},{"cm":"cm: thorough scans +0% more ship xp from battles","g":"UNIMATRIX TWELVE","n":"Beverly Crusher","oa":"oa: unshakeable moral code +300% of total officer defense added to all mitigatio..."},{"cm":"cm: first, do no harm +0% 

=== GROUP QUERY: Base Attack (10 officers) ===
sys_prompt length: 1392
user_prompt length: 2545
total prompt: 3937 chars

=== GROUP RESULT: Base Attack ===
ok=1 error=''
crews parsed: 4
history_id: 1775402892-1792
response:
{"crews":[{"captain":"Kirk","bridge":["Spock","McCoy"],"reasoning":"Kirk CM opens strong, Spock OA boosts damage, McCoy OA heals"},{"captain":"Picard","bridge":["Data","Worf"],"reasoning":"Picard CM buffs morale, Data OA crits, Worf OA pierces armor"},{"captain":"Sisko","bridge":["O'Brien","B'Elanna Torres"],"reasoning":"Sisko CM increases crew attack bonus, O'Brien OA shields the bridge from damage"},{"captain":"Troi","bridge":["Kathryn Janeway","Chakotay"],"reasoning":"Troi CM boosts morale, Kathryn OA heals the bridge, Chakotay OA pierces armor"}]
 
 

 

 

 

 

 

 

 

 

 

 

 

 

 

 

 

 

 

 

 

 

 

 

 

 

 

 

 

 

 



=== GROUP QUERY: Base Defend (4 officers) ===
sys_prompt length: 1371
user_prompt length: 1167
total prompt: 2538 chars

=== GROUP RESULT: Base Defend ===
ok=1 error=''
crews parsed: 2
history_id: 1775402930-3740
response:
{"crews":[{"captain":"Kras","bridge":["Picard","Worf"],"reasoning":"Kras CM buffs morale, Picard CM increases damage taken from enemy ships, Worf CM pierces armor"},{"captain":"Ikat'ika","bridge":["Rukor","Spock"],"reasoning":"Ikat'ika CM increases weapon damage against enemy players, Rukor CM boosts energy weapon damage,"} 
          ]
         }

=== GROUP QUERY: Armada (14 officers) ===
sys_prompt length: 1476
user_prompt length: 3882
total prompt: 5358 chars

=== GROUP RESULT: Armada ===
ok=1 error=''
crews parsed: 7
history_id: 1775403105-4874
response:
{"crews":[{"captain":"Kirk","bridge":["Spock","McCoy"],"reasoning":"Kirk CM opens strong, Spock OA boosts damage, McCoy OA heals"},{"captain":"Picard","bridge":["Data","Worf"],"reasoning":"Picard CM buffs morale, Data OA crits, Worf OA pierces armor"},{"captain":"Sisko","bridge":["Bashir","O'Brien"],"reasoning":"Sisko CM increases shields, Bashir OA heals, O'Brien OA boosts damage"},{"captain":"Janeway","bridge":["Chakotay","Worf"],"reasoning":"Janeway CM boosts morale, Chakotay OA crits, Worf OA pierces armor"},{"captain":"Troi","bridge":["Deanna","Bashir"],"reasoning":"Troi CM increases shields, Deanna OA heals, Bashir OA boosts damage"},{"captain":"Riker","bridge":["Worf","Chekov"],"reasoning":"Riker CM boosts morale, Worf OA pierces armor, Chekov OA heals"},{"captain":"Picard (again)","bridge":["Data","Worf"],"reasoning":"Picard CM buffs morale, Data OA crits, Worf OA pierces armor"}],"armada":[{"captain":"Kirk","bridge":["Spock","McCoy"],"reasoning":"Kirk CM opens strong, Spock OA

=== GROUP QUERY: Loot & Cargo (7 officers) ===
sys_prompt length: 1390
user_prompt length: 1875
total prompt: 3265 chars

=== GROUP RESULT: Loot & Cargo ===
ok=1 error=''
crews parsed: 4
history_id: 1775403271-8303
response:
{"crews":[{"captain":"Kirk","bridge":["Spock","McCoy"],"reasoning":"Kirk CM opens strong, Spock OA boosts damage, McCoy OA heals"},{"captain":"Picard","bridge":["Data","Worf"],"reasoning":"Picard CM buffs morale, Data OA crits, Worf OA pierces armor"},{"captain":"Sisko","bridge":["O'Brien","Dax"],"reasoning":"Sisko CM increases shields, O'Brien OA reduces damage taken, Dax OA heals"},{"captain":"Troi","bridge":["Kathryn","Janice"],"reasoning":"Troi CM boosts morale, Kathryn OA crits, Janice OA pierces armor"}],"loot_multipliers":[{"cm":"adaptive shielding +{0:#%} damage mitigated by the shields.","g":"One of Eleven","n":"One of Eleven","oa":"bodyguard +{2:#%} to the protected cargo of the ship"},{"cm":"you'll pay for that +0% to damage when the ship has a hull breach.","g":"KHAN'S CREW","n":"Rima","oa":"systems critical +20% to critical hit chances when the ship has a hull breach"},{"cm":"ore miner +0% to ore mining rate.","g":"SURVEYORS & MINERS","n":"Stonn","oa":"pack rat +40% to car

=== GROUP QUERY: State Chain (4 officers) ===
sys_prompt length: 1518
user_prompt length: 1328
total prompt: 2846 chars

=== GROUP RESULT: State Chain ===
ok=1 error=''
crews parsed: 8
history_id: 1775403406-1807
response:
{"crews":[{"captain":"cm: math -0% to opponent's shield health when defending from a play...","g":"DISCOVERY CREW","n":"Tilly","oa":"oa: hold your horses! 15% chance to decrease opponent's officer attack by 15% wh...","rk":5,"t":["shield","stat_boost","pvp"]},{"captain":"cm: ruthlessness 0% of defense to piercing if the opponent has a hull breach when attacking from a play...","g":"TERRAN EMPIRE","n":"Captain Tilly","oa":"oa: sadistic 100% of health to mitigation if the opponent has a hull breach","rk":5,"t":["mitigation","dual_use","benefits:breach"]},{"captain":"cm: imperatorial attack -0% to the opponent crew's defense each round when attacking from a play...","g":"TERRAN EMPIRE","n":"Emperor Georgiou","oa":"oa: bombardment +{2:0.##} to shots each turn when attacking a ship on a capture ...","rk":5,"t":["extra_shots","pvp"]},{"captain":"cm: state of urgency -10% to opponent's repair time when repairing their own hull breach...","g":"VOYAGER","n":"Neelix","oa":"oa: procurement consul

=== META REFRESH: PvP General ===
ok=1 error=''
response length: 453
response:
The current PvP General META in Star Trek Fleet Command, as of April 5, 2026, is heavily influenced by the Mirror Universe officers, who have significantly reshaped combat strategies with their isolytic offense and Apex Barrier mechanics. While classic critical and hull breach crews remain viable, the Mirror synergy offers unparalleled defensive and offensive capabilities across all ship types.

Here are the top 20 META officers for Universal PvP:



=== META REFRESH: PvP on Explorer ===
ok=1 error=''
response length: 5696
response:
```json
{
  "officers": [
    {
      "name": "Veyun",
      "role": "CM",
      "reason": "As Captain, Veyun guarantees Morale on an Explorer when fighting players, which is crucial for activating other officers' abilities."
    },
    {
      "name": "Pon",
      "role": "OA",
      "reason": "Pon significantly decreases the opponent's critical chance when Morale is active on an Explorer, enhancing survivability."
    },
    {
      "name": "Ikat'ika",
      "role": "OA",
      "reason": "Ikat'ika provides a substantial increase to weapon damage when Morale is active on an Explorer, boosting offensive power."
    },
    {
      "name": "Mirror Troi",
      "role": "CM",
      "reason": "Mirror Troi is the premier anti-Explorer captain, providing an extremely powerful Apex Barrier specifically against Explorer opponents."
    },
    {
      "name": "Mirror Data",
      "role": "OA",
      "reason": "Mirror Data applies the Assimilation effect, which is necessary to activate Mirror Picard's and Mirror Troi's Apex Barriers, and boosts isolytic offense."
    },
    {
      "name": "Mirror Kira",
      "role": "OA",
      "reason": "Mirror Kira synergizes with other Mirror officers, contributing to improved shot count and overall combat effectiveness."
    },
    {
      "name": "Weyoun",
      "role": "CM",
      "reason": "Weyoun is a top-tier captain for Explorer PvP, frequently mentioned as part of powerful 'explorer strike crews' for his ship-specific buffs."
    },
    {
      "name": "Dukat",
      "role": "OA",
      "reason": "Dukat is a strong general PvP officer, often used for his aggressive damage and control abilities that benefit Explorer combat."
    },
    {
      "name": "Specialist Seven",
      "role": "OA",
      "reason": "Specialist Seven is considered an upgrade over Lorca, providing enhanced damage or control for aggressive PvP engagements."
    },
    {
      "name": "Alexander Marcus",
      "role": "OA",
      "reason": "Alexander Marcus is 

=== META REFRESH: PvP on Battleship ===
ok=1 error=''
response length: 541
response:
The current PvP META for Battleships in Star Trek Fleet Command, as of April 5, 2026, is heavily influenced by the strategic depth offered by the Mirror Universe and Q officer groups, alongside established Burning and Critical-focused crews. These combinations leverage powerful synergies to enhance offensive capabilities through increased weapon shots, Isolytic Cascade damage, and critical hits, while also providing robust defensive layers with Apex Barriers and hull repairs.

Here are the top 19 META officers for PvP on Battleships:



=== META REFRESH: PvP on Interceptor ===
ok=1 error=''
response length: 6113
response:
```json
{
  "officers": [
    {
      "name": "Gul Dukat",
      "role": "CM",
      "why": "As Captain, he has a high chance to apply Hull Breach at the start of combat, which is essential for triggering other powerful officer abilities and increasing damage on Interceptors."
    },
    {
      "name": "Garak",
      "role": "OA",
      "why": "As a Bridge Officer, his 'Outcast Spy' ability significantly increases critical hit chance when Hull Breach is present, synergizing perfectly with Interceptor's natural crit stats."
    },
    {
      "name": "Damar",
      "role": "OA",
      "why": "As a Bridge Officer, his 'Liquid Courage' ability decreases opponent critical hit damage when your ship scores a critical hit with Hull Breach, enhancing survivability."
    },
    {
      "name": "Andy Billups",
      "role": "OA",
      "why": "As a Bridge Officer, his 'In Your Element' ability dramatically increases Isolytic Cascade damage on an Interceptor when the enemy has Hull Breach."
    },
    {
      "name": "Starfleet Q",
      "role": "OA",
      "why": "As a Bridge Officer, his 'You Hit Me!' ability provides a substantial Apex Barrier when fighting other Interceptors with Morale, significantly boosting defense."
    },
    {
      "name": "French Marshal Q",
      "role": "OA",
      "why": "As a Bridge Officer, his 'A Deadly Game' ability increases weapon shots when Morale is active, stacking for a significant damage boost."
    },
    {
      "name": "Mariachi Q",
      "role": "OA",
      "why": "As a Bridge Officer, he is part of the Interceptor Retaliation Squad, providing synergy and likely further Morale-based benefits for PvP."
    },
    {
      "name": "Mirror Picard",
      "role": "CM",
      "why": "As Captain, his 'Take the Shot' ability provides a powerful Isolytic Cascade damage boost, and his officer ability grants Apex Barrier with Assimilate."
    },
    {
      "name": "Mirror Data",
      "role": "OA",
      "why": "As a Bridge Officer, his 'R

=== META REFRESH: PvP vs Explorer ===
ok=1 error=''
response length: 397
response:
The current PvP META in Star Trek Fleet Command for engaging Explorer-class ships, as of April 5, 2026, emphasizes officers capable of shield piercing, shield draining, and specific anti-Explorer combat abilities. The strategies revolve around quickly neutralizing an Explorer's defensive capabilities to inflict maximum hull damage.

Here are the top 20 META officers for PvP against Explorers:



=== META REFRESH: PvP vs Battleship ===
ok=1 error=''
response length: 5993
response:
```json
{
  "officers": [
    {
      "name": "SNW La'an",
      "role": "CM",
      "why": "Increases weapon shots by 140% against burning player Battleships and has a 60% chance to apply Burning, activating her own captain ability."
    },
    {
      "name": "SNW Una",
      "role": "OA",
      "why": "Decreases enemy shield mitigation by 25% each round when on a Battleship fighting a player ship, making them more vulnerable to damage."
    },
    {
      "name": "Shaxs",
      "role": "OA",
      "why": "On round start, if on a Battleship and the enemy player has Burning, Shaxs increases your Isolytic Cascade damage by 60% for one round."
    },
    {
      "name": "Lorca",
      "role": "CM/OA",
      "why": "As Captain, he decreases opponent's weapon damage by 100% if they have Hull Breach; as an Officer, he has a 70% chance to apply Hull Breach for two rounds."
    },
    {
      "name": "Honorguard Worf",
      "role": "OA",
      "why": "Increases the ship's critical hit chance by 75% for the first eight rounds against players, and as Captain, increases armor piercing by 30% of crew attack on critical hits."
    },
    {
      "name": "Tilly",
      "role": "CM/OA",
      "why": "As Captain, she reduces enemy shield health by 10% when defending; as an Officer, she has a 45% chance to cumulatively decrease opponent's officer attack by 15% when hit."
    },
    {
      "name": "Mirror Ezri",
      "role": "OA",
      "why": "Provides a powerful Apex Barrier against Battleships and boosts kinetic weapon damage."
    },
    {
      "name": "Mirror Data",
      "role": "OA",
      "why": "Applies Assimilation, which activates Mirror Picard's Apex Barrier and provides synergy for isolytic offense."
    },
    {
      "name": "Mirror Picard",
      "role": "CM/OA",
      "why": "Provides powerful isolytic offense and a strong Apex Barrier against Assimilated player targets."
    },
    {
      "name": "Nero",
      "role": "CM",
      "why": "Serves as a captain f

=== META REFRESH: PvP vs Interceptor ===
ok=1 error=''
response length: 6907
response:
```json
{
  "officers": [
    {
      "name": "Starfleet Q",
      "role": "CM",
      "why": "As Captain, Starfleet Q's 'Mon Capitaine' ability has a chance to apply Morale, which is crucial for activating the abilities of other Interceptor Retaliation Squad officers, providing significant Apex Barrier against Interceptors."
    },
    {
      "name": "Mariachi Q",
      "role": "OA",
      "why": "When on a ship with Morale, Mariachi Q's 'Our Good Fortune' ability significantly increases Isolytic Cascade damage against players, providing front-loaded offensive power."
    },
    {
      "name": "French Marshal Q",
      "role": "OA",
      "why": "French Marshal Q increases shot count and provides hull repair, enhancing both offensive output and durability when paired with Starfleet Q and Mariachi Q."
    },
    {
      "name": "Gul Dukat",
      "role": "CM",
      "why": "Gul Dukat's Captain's Maneuver has a 100% chance to apply Hull Breach at the start of a round, and his officer ability increases the number of shots when shot while Hull Breached, leading to significant front-loaded damage."
    },
    {
      "name": "Damar",
      "role": "OA",
      "why": "Damar's 'Liquid Courage' officer ability decreases opponent critical hit damage when your ship scores a critical hit, providing crucial anti-crit defense."
    },
    {
      "name": "Garak",
      "role": "OA",
      "why": "Garak's 'Outcast Spy' officer ability significantly increases your ship's critical hit chance, contributing to front-loaded damage and activating Damar's ability."
    },
    {
      "name": "Mirror Data",
      "role": "CM",
      "why": "As Captain, Mirror Data provides a powerful Apex Barrier against player Interceptors, and his crew ability provides the Assimilation effect needed for other Mirror Universe officers."
    },
    {
      "name": "Quasi",
      "role": "OA",
      "why": "Quasi is an Epic Mirror Universe officer who excels in providing Apex Shred against players in P

=== META REFRESH: PvE General ===
ok=1 error=''
response length: 418
response:
The current PvE General META in Star Trek Fleet Command emphasizes a balance of survivability, critical hit chance, and targeted damage reduction, moving beyond older archetypes for higher-level content. While classic crews remain viable for early to mid-game, newer officer combinations offer enhanced endurance and efficiency for hostile grinding.

Here are the top 15-20 officers for PvE General hostile grinding:



=== META REFRESH: PvE Specialized ===
ok=1 error=''
response length: 461
response:
The current PvE Specialized META in Star Trek Fleet Command emphasizes survivability and sustained combat, moving beyond simple damage reduction to focus on shield and hull regeneration, coupled with strategic damage types like Isolytic. Officers that enhance these aspects, often in synergy with artifacts, are paramount for tackling the diverse challenges presented by specialized hostiles such as Borg, Eclipse, Gorn, Xindi, Silent Enemy, and Species 8472.



=== META REFRESH: Base Attack ===
ok=1 error=''
response length: 3878
response:
```json
{
  "officers": [
    {
      "name": "Rom",
      "role": "CM",
      "why": "Delays opponent ship and defense platform weapon fire for 1 round, enabling a powerful opening strike."
    },
    {
      "name": "Khan",
      "role": "CM",
      "why": "As Captain, he significantly increases damage dealt to enemy defenses for two rounds."
    },
    {
      "name": "John Harrison",
      "role": "OA",
      "why": "Provides 100% shield bypass for defense platforms in the first round, maximizing initial damage."
    },
    {
      "name": "Honorguard Worf",
      "role": "OA",
      "why": "Delivers high critical hit rates, heavy breach chance, and brutal damage over time, quickly dismantling station defenses."
    },
    {
      "name": "Joachim",
      "role": "OA",
      "why": "A key bridge officer often paired with Khan to enhance the crew's base attack effectiveness."
    },
    {
      "name": "Kati",
      "role": "OA",
      "why": "Frequently used in Khan-led crews to contribute to efficient base cracking."
    },
    {
      "name": "Gorkon",
      "role": "CM",
      "why": "Leads crews that achieve high crit rates, heavy breach, and sustained damage over time against station defenses."
    },
    {
      "name": "Kang",
      "role": "OA",
      "why": "As a bridge officer with Gorkon and Worf, he boosts critical rates and breach for rapid base destruction."
    },
    {
      "name": "Nero",
      "role": "OA",
      "why": "A viable bridge officer option in Rom-led crews for base raiding, contributing to overall damage."
    },
    {
      "name": "Lorca",
      "role": "OA",
      "why": "Can be used as a bridge officer to support base attacks, often alongside Rom and Honorguard Worf."
    },
    {
      "name": "Yuki",
      "role": "CM",
      "why": "As Captain, she effectively decreases the shield health of the opponent's base and ships each round."
    },
    {
      "name": "Carol Marcus",
      "role": "OA",
      "why": "Provides crucial

=== META REFRESH: Base Defend ===
ok=1 error=''
response length: 5726
response:
```json
{
  "officers": [
    {
      "name": "The Hierarch",
      "role": "CM",
      "reason": "A plug-and-play PvP captain who significantly increases ship's shots and applies crucial states to the opponent, outperforming older generalist PvP captains in station combat."
    },
    {
      "name": "Nog",
      "role": "OA",
      "reason": "Reduces enemy Critical Hit Chance if they have any state, providing essential crit suppression for defending your base."
    },
    {
      "name": "FC Sisko",
      "role": "CM",
      "reason": "Increases critical hit rate and mitigation, and is specifically rewarded for holding Elite Outposts, making him a strong choice for base defense."
    },
    {
      "name": "Sulu",
      "role": "CM",
      "reason": "Provides Apex Barrier, significantly boosting ship survivability in defensive engagements."
    },
    {
      "name": "Uhura",
      "role": "OA",
      "reason": "Applies Hull Breach against outposts and retaliation hostiles, increasing the damage taken by attackers."
    },
    {
      "name": "Keenser",
      "role": "OA",
      "reason": "Significantly increases the Hull Health of the ship when defending the Station, making it more resilient."
    },
    {
      "name": "0718",
      "role": "OA",
      "reason": "Increases Critical Hit Chances and the Defense of all Officers when defending the Station, enhancing both offense and defense."
    },
    {
      "name": "Zahra",
      "role": "OA",
      "reason": "Increases Weapon Damage when defending the Station, boosting the defensive output of your ship."
    },
    {
      "name": "M'Benga",
      "role": "OA",
      "reason": "Boosts multiple defensive stats (Dodge, Armor, Shield Deflection) and offensive stats (Armor Piercing, Shield Piercing, Accuracy) when defending the station."
    },
    {
      "name": "Carol Freeman",
      "role": "CM",
      "reason": "A strong generalist PvP captain, known for her defensive capabilities, though newer officers like T

=== META REFRESH: Armada ===
ok=1 error=''
response length: 5965
response:
```json
{
  "officers": [
    {
      "name": "Epic Chakotay (Voyager)",
      "role": "CM",
      "reason": "He is central to the 'Shots Crew', significantly increasing the number of weapon shots for massive burst damage against armadas."
    },
    {
      "name": "Epic Kathryn Janeway (Voyager)",
      "role": "OA",
      "reason": "A key component of the 'Shots Crew', she synergizes with Chakotay to amplify weapon shots and overall damage."
    },
    {
      "name": "Rare Tom Paris (Voyager)",
      "role": "OA",
      "reason": "Completes the 'Shots Crew', further boosting weapon shots and critical damage, making it highly effective for armadas."
    },
    {
      "name": "Five of Eleven (Unimatrix Twelve)",
      "role": "CM",
      "reason": "A classic and still highly effective captain for armadas, providing strong mitigation and loot bonuses."
    },
    {
      "name": "Six of Eleven (Unimatrix Twelve)",
      "role": "OA",
      "reason": "Often paired with Five of Eleven, she significantly increases piercing, enhancing damage output against tough armada targets."
    },
    {
      "name": "Epic Khan (Khan's Crew)",
      "role": "OA",
      "reason": "A versatile damage dealer, Khan provides critical hit chance and damage, making him a staple in many high-damage armada crews."
    },
    {
      "name": "Epic Benjamin Sisko (Deep Space Nine)",
      "role": "CM",
      "reason": "An excellent captain for increasing damage and criticals, particularly strong in faction and solo armadas."
    },
    {
      "name": "Rare Miles O'Brien (Deep Space Nine)",
      "role": "OA",
      "reason": "Provides significant shot increases and critical hit bonuses, making him a core officer for many armada compositions."
    },
    {
      "name": "Epic Gwen Demarco (Galaxy Quest)",
      "role": "OA",
      "reason": "A highly valued officer for her ability to boost critical damage and provide synergy in various armada crews."
    },
    {
      "name": "Rare Changel

=== META REFRESH: Loot & Cargo ===
ok=1 error=''
response length: 490
response:
The current META for Loot & Cargo in Star Trek Fleet Command, as of April 5, 2026, emphasizes a combination of direct loot multipliers, increased cargo capacity, and enhanced survivability to maximize farming efficiency across various hostile types and outposts. Fleet Commanders like Sloan offer broad benefits, while specific officer combinations from the Enterprise-E and Borg factions remain crucial for optimizing resource acquisition.

Here are the top 16 officers for Loot & Cargo:



=== META REFRESH: State Chain ===
ok=1 error=''
response length: 536
response:
The current META in Star Trek Fleet Command for State Chain crews, as of April 5, 2026, focuses on optimizing damage output and survivability through specialized officers for Isolytic, Burning, Morale, and Hull Breach effects. Recent game updates have reinforced the dominance of certain officer synergies, particularly in the Isolytic damage category with the introduction of Mirror Universe officers, while established crews continue to excel in other state chain mechanics.

Here are the top 19 META officers for State Chain crews:



=== META REFRESH: Apex & Isolytic ===
ok=1 error=''
response length: 5654
response:
```json
{
  "officers": [
    {
      "name": "FCM Data",
      "role": "CM/OA",
      "reason": "As Captain, he provides a significant shot increase for Armadas, and as an Officer, he boosts Isolytic Cascade damage."
    },
    {
      "name": "Zefram Cochrane",
      "role": "OA",
      "reason": "Provides exceptionally high Isolytic Cascade damage against Group Armadas, making him a top-tier offensive Isolytic officer."
    },
    {
      "name": "Mara Dalen",
      "role": "OA",
      "reason": "Increases Isolytic Defense against Group Armadas and repairs Shield Health against all Armada types, offering crucial survivability."
    },
    {
      "name": "Janeway",
      "role": "CM/OA",
      "reason": "Boosts Isolytic Damage and weapon efficiency, making her an excellent Captain for confronting shield-heavy opponents."
    },
    {
      "name": "Ent-E Data",
      "role": "CM/OA",
      "reason": "Increases Isolytic damage output with precision strikes, and his Isolytic Cascade ability can rapidly turn the tide of battle."
    },
    {
      "name": "Ent-E Picard",
      "role": "CM/OA",
      "reason": "A fantastic partner for Isolytic damage, also proving effective for reputation grinding and securing more loot."
    },
    {
      "name": "Quasi",
      "role": "OA",
      "reason": "Excels in Apex Shred against players when on the bridge and boosts Apex Shred in PvE encounters as a Mirror Universe officer."
    },
    {
      "name": "Alok Sahar",
      "role": "OA",
      "reason": "Grants exceptionally high Apex Shred against players, particularly potent when stationed on the GS-31."
    },
    {
      "name": "Section 31 Georgiou",
      "role": "OA",
      "reason": "Offers specialized Apex Shred abilities that are indispensable in Solo Wave Defense scenarios."
    },
    {
      "name": "Rachel Garrett",
      "role": "OA",
      "reason": "Enhances Apex Barrier against Battleship-type hostiles (below deck) and boosts loot (on bridge)."
    },
    {
 

=== GROUP QUERY: PvP on Explorer (15 officers) ===
sys_prompt length: 1573
user_prompt length: 4768
total prompt: 6341 chars

=== GROUP RESULT: PvP on Explorer ===
ok=1 error=''
crews parsed: 1
history_id: 1775416786-6757
response:
{"crews":[{"captain":"Kirk","bridge":["Spock","McCoy"],"reasoning":"Kirk CM opens strong, Spock OA boosts damage, McCoy OA heals"},{"captain":"Picard","bridge":["Data","Worf"],"reasoning":"Picard CM buffs morale, Data OA crits, Worf OA pierces armor"},{"captain":"Worf","bridge":["Chang","Five of Eleven"],"reasoning":"Worf CM overpowers opponent's morale, Chang OA provides +20% to shield deflection"},{"crews":[{"captain":"Kirk","bridge":["Data","LORCA"],"reasoning":"Kirk CM synergizes shields with Data's ability, LORCA OA provides +10% to resources received from hostiles"},{"captain":"Picard","bridge":["Weyoun","Ikat'ika"],"reasoning":"Picard CM exploits Explorer defensive strengths, Weyoun OA boosts morale for 3 rounds"},{"crews":[{"captain":"Kirk","bridge":["Mirror Data","TNG CREW"],"reasoning":"Kirk CM uses Mirror Data's ability to boost shield deflection, TNG CREW OA provides +25% to all mitigation stats"},{"captain":"Picard","bridge":["Mirror Picard","EXPLORER STRIKE TEAM"],"reason

=== GROUP QUERY: PvP on Explorer (15 officers) ===
sys_prompt length: 1573
user_prompt length: 4768
total prompt: 6341 chars

=== GROUP RESULT: PvP on Explorer ===
ok=1 error=''
crews parsed: 1
history_id: 1775417255-3096
response:
{"crews":[{"captain":"Kirk","bridge":["Spock","McCoy"],"reasoning":"Kirk CM opens strong, Spock OA boosts damage, McCoy OA heals"},{"captain":"Picard","bridge":["Data","Worf"],"reasoning":"Picard CM buffs morale, Data OA crits, Worf OA pierces armor"},{"captain":"Worf","bridge":["Chang","Five of Eleven"],"reasoning":"Worf CM overpowers, Chang OA provides shield deflection, Five of Eleven OA shields ship from hostiles"},{"crews":[{"captain":"Kirk","bridge":["Data","Beverly Crusher"],"reasoning":"Kirk CM opens strong, Data OA boosts damage, Beverly OA heals"},{"captain":"Picard","bridge":["Worf","LORCA"],"reasoning":"Picard CM buffs morale, Worf OA pierces armor, LORCA OA shields ship from hostiles"},{"crews":[{"captain":"Worf","bridge":["Chang","Mirror Data","Ikat'ika"],"reasoning":"Worf CM overpowers, Chang OA provides shield deflection, Mirror Data OA boosts damage, Ikat'ika OA shields ship from hostiles"}],"upgrades":[{"captain":"Kirk","g":"Picard","rk":3,"t":["shield_piercing","shie

=== GROUP QUERY: PvP on Explorer (15 officers) ===
sys_prompt length: 1573
user_prompt length: 4768
total prompt: 6341 chars
--- SYSTEM PROMPT ---
You are an expert STFC (Star Trek Fleet Command) crew advisor. This is a MOBILE GAME by Scopely.

CREW MECHANICS:
- 1 Captain (CM fires ONCE at battle start) + 2 Bridge (OA always active) + optional Below Decks (BDA passive).
- Synergy: officers in the same group ('g' field) get bonus stats together.
- State chains: one officer applies a state via CM, another benefits via OA. Very powerful.

DATA FORMAT: n=name, rk=rank, g=group, cm=captain_maneuver, oa=officer_ability, bd=below_decks, t=tags

RULES:
1. ONLY use officer names from the provided list (these are OWNED officers).
2. Each crew = 1 captain + 2 bridge. No repeats across crews.
3. For each crew: explain WHY this captain (CM effect) and WHY each bridge (OA effect).

FOCUS: PvP crews when the player FLIES AN EXPLORER.
Explorers have strong shields and balanced stats. Optimize for shield synergy, sustained damage, and exploiting the Explorer's defensive strengths.
Consider officers whose abilities scale with shield stats or provide shield repair.

Respond with ONLY valid JSON. Use EXACTLY this format:
{"crews":[{"captain":"exact officer name","bridge":["officer name 1","officer name 2"],"reasoning":"why this crew works"}]}
CRITICAL: captain and bridge values must be plain strings (exact names from the list), NOT objects.
Example with 2 crews:
{"crews":[{"captain":"Kirk","bridge":["Spock","McCoy"],"reasoning":"Kirk CM opens strong, Spock OA boosts damage, McCoy OA heals"},{"captain":"Picard","bridge":["Data","Worf"],"reasoning":"Picard CM buffs morale, Data OA crits, Worf OA pierces armor"}]}
--- USER PROMPT ---
Recommend the best 2-3 crew combinations for PvP on Explorer.

Focus on: shield synergy, sustained damage, shield repair. Exploit Explorer defensive strengths.

=== OFFICERS YOU DON'T OWN (aspirational upgrades) ===
- Data (owned but rank <2)
- Specialist Seven (owned but rank <2)
Note: Build the best crew from OWNED officers below, but mention which not-owned officers above would be significant upgrades if acquired.

=== YOUR OWNED OFFICERS (15 available) ===
[{"cm":"cm: cry havoc +0% to damage if the opponent's hull health under 60%","g":"KLINGON PATRIOTS","n":"Chang","oa":"oa: dogs of war 100% chance to delay opponent's weapon fire with a critical hit ...","rk":5,"t":["crit","dual_use","benefits:breach"]},{"cm":"cm: weaponry is irrelevant 0% of the crew's health bonus to shield deflection, a...","g":"UNIMATRIX TWELVE","n":"Five of Eleven","oa":"oa: you will be assimilated +100% to resources your ship receives from hostiles","rk":5,"t":["shield","mitigation","pve"]},{"cm":"cm: hypospray +0% to officers health on the ship","g":"NEXT GEN","n":"LORCA","oa":"oa: the dancing doctor +12% to the effectiveness of the captain maneuver","rk":5,"t":["dual_use","applies:breach","benefits:breach"]},{"cm":"cm: thorough scans +0% more ship xp from battles","g":"STARFLEET ACADEMY","n":"T'Laan","oa":"oa: objective defense -20% to kinetic damage dealt by enemy hostiles","rk":5,"t":["pve"]},{"cm":"cm: first, do no harm +0% of total officer health restored to shp every round wh...","g":"TNG CREW","n":"Beverly Crusher","oa":"oa: unshakeable moral code +300% of total officer defense added to all mitigatio...","rk":3,"t":["shield","mitigation","stat_boost","pve","armada"]},{"cm":"cm: self-improvement on combat start while against an interceptor player, mirror...","g":"MIRROR UNIVERSE","n":"Mirror Data","oa":"oa: apex barrier provides <b>true damage mitigation</b> from all sources <i>afte...","rk":3,"t":["mitigation","apex_barrier","pvp","applies:assimilate"]},{"cm":"cm: headlong into battle +0% to warp speed after winning a battle (not cumulativ...","g":"TNG CREW","n":"Worf","oa":"oa: only fools have no fear +80% to all mitigation against non-player targets","rk":3,"t":["mitigation","cumulative","pvp","dual_use"]},{"cm":"cm: overpower 100% chance to inspire morale when the opponent's hhp is under 80%...","g":"SECTION 31","n":"Alexander Marcus","oa":"oa: shady methods 800% of the crew's defense bonus to shield piercing","rk":3,"t":["shield_piercing","shield","dual_use","applies:morale"]},{"cm":"cm: vocal jazz on combat start against players, carol freeman increases your sho...","g":"LOWER DECKS CREW","n":"Carol Freeman","oa":"oa: cerritos strong! on round start, if the enemy player has any state, carol fr...","rk":3,"t":["extra_shots","isolytic","pvp","benefits:assimilate","benefits:breach","benefits:burning","benefits:morale"]},{"cm":"cm: take the shot on round start against players, mirror picard increases your i...","g":"MIRROR UNIVERSE","n":"Mirror Picard","oa":"oa: anticollective on round start against players with assimilate, mirror picard...","rk":3,"t":["isolytic","apex_barrier","pvp","benefits:assimilate"]},{"cm":"cm: death to the opposition! on round start, worf has 100% chance to apply hull ...","g":"PICARD","n":"PIC Worf","oa":"oa: assimilate this! worf increases your ship base weapon damage by 2200% on com...","rk":3,"t":["pvp","applies:breach"]},{"cm":"cm: silver tongue 100% chance to apply morale for 3 rounds on combat start when ...","g":"EXPLORER STRIKE TEAM","n":"Weyoun","oa":"oa: manipulate, cajole, deceive increases weapon shots by +100% at the start of ...","rk":3,"t":["extra_shots","pvp","applies:morale","benefits:morale"]},{"cm":"cm: honored elder increases all mitigation stats by +25% for 1 round every round...","g":"EXPLORER STRIKE TEAM","n":"Ikat'ika","oa":"oa: created to win increases weapon damage by +62% at the start of each round fo...","rk":2,"t":["mitigation","pvp","benefits:morale"]},{"cm":"cm: psionic tactics on combat start while against an explorer player: mirror tro...","g":"MIRROR UNIVERSE","n":"Mirror Troi","oa":"oa: apex barrier provides <b>true damage mitigation</b> from all sources <i>afte...","rk":2,"t":["mitigation","apex_barrier","pvp","benefits:assimilate"]},{"cm":"cm: intoxication on round start against players, mirror kira increases your apex...","g":"MIRROR UNIVERSE","n":"Mirror Kira","oa":"oa: apex barrier provides <b>true damage mitigation</b> from all sources <i>afte...","rk":2,"t":["mitigation","apex_barrier","cumulative","pvp","benefits:assimilate"]}]

Return 2-3 crew combinations as JSON. Each crew must use DIFFERENT officers.
For each crew, add a "upgrades" field listing not-owned officers that would improve that crew if the player acquired them.

=== GROUP RESULT: PvP on Explorer ===
ok=1 error=''
crews parsed: 1
history_id: 1775418518-8331
response:
{"crews":[{"captain":"Kirk","bridge":["Spock","McCoy"],"reasoning":"Kirk CM opens strong, Spock OA boosts damage"},{"captain":"Picard","bridge":["Data","Worf"],"reasoning":"Picard CM buffs morale, Data OA crits"},{"captain":"Worf","bridge":["Chang","Five of Eleven"],"reasoning":"Worf CM overpower 100% chance to inspire morale"},{"captain":"Picard","bridge":["Beverly Crusher","Mirror Picard"],"reasoning":"Picard CM vocal jazz on combat start against players, Mirror Picard increases shots"},{"crews":[{"captain":"Kirk","bridge":["Data","LORCA"],"reasoning":"Data CM thorough scans +0% more xp from battles"},{"captain":"Worf","bridge":["Chang","Ikat'ika"],"reasoning":"Worf CM honored elder increases mitigation"}],"upgrades":[{"captain":"Picard","bridge":["Kirk","Mirror Picard"],"reasoning":"Picard CM death to the opposition!","upgrade":1},{"captain":"Kirk","bridge":["Data","LORCA"],"reasoning":"Kirk CM silver tongue 100% chance to apply morale for 3 rounds","upgrade":2},{"captain":"Worf","b

=== GROUP QUERY: PvP on Explorer (15 officers) ===
sys_prompt length: 1438
user_prompt length: 1214
total prompt: 2652 chars
--- SYSTEM PROMPT ---
You are an expert STFC (Star Trek Fleet Command) crew advisor. This is a MOBILE GAME by Scopely.

CREW MECHANICS:
- 1 Captain (CM fires ONCE at battle start) + 2 Bridge (OA always active) + optional Below Decks (BDA passive).
- Synergy: officers in the same group ('g' field) get bonus stats together.
- State chains: one officer applies a state via CM, another benefits via OA. Very powerful.

DATA FORMAT: n=name, rk=rank, g=group, cm=captain_maneuver, oa=officer_ability, bd=below_decks, t=tags

RULES:
1. ONLY use officer names from the provided list (these are OWNED officers).
2. Each crew = 1 captain + 2 bridge. No repeats across crews.
3. For each crew: explain WHY this captain (CM effect) and WHY each bridge (OA effect).

FOCUS: PvP crews when the player FLIES AN EXPLORER.
Explorers have strong shields and balanced stats. Optimize for shield synergy, sustained damage, and exploiting the Explorer's defensive strengths.
Consider officers whose abilities scale with shield stats or provide shield repair.

Respond with ONLY valid JSON. Use EXACTLY this format:
{"crews":[{"captain":"NAME","bridge":["NAME","NAME"],"reasoning":"why"}]}
CRITICAL: captain and bridge values must be plain strings (exact names from the list), NOT objects.
Example: {"crews":[{"captain":"Chang","bridge":["Five of Eleven","LORCA"],"reasoning":"explain why"}]}
IMPORTANT: You may ONLY use names from the officer list provided. Do NOT invent names.

--- USER PROMPT ---
Pick crews from ONLY these 15 officers:
- Chang (CMD R5) [crit,benefits:breach]
- Five of Eleven (ENG R5) [shield,mitigation]
- LORCA (SCI R5) [applies:breach,benefits:breach]
- T'Laan (SCI R5)
- Beverly Crusher (SCI R3) [shield,mitigation,stat_boost]
- Mirror Data (ENG R3) [mitigation,apex_barrier,applies:assimilate]
- Worf (CMD R3) [mitigation]
- Alexander Marcus (CMD R3) [shield_pierce,shield,applies:morale]
- Carol Freeman (CMD R3) [extra_shots,isolytic,benefits:assimilate,benefits:breach,benefits:burning,benefits:morale]
- Mirror Picard (CMD R3) [apex_barrier,isolytic,benefits:assimilate]
- PIC Worf (CMD R3) [applies:breach]
- Weyoun (CMD R3) [extra_shots,applies:morale,benefits:morale]
- Ikat'ika (SCI R2) [mitigation,benefits:morale]
- Mirror Troi (SCI R2) [mitigation,apex_barrier,benefits:assimilate]
- Mirror Kira (CMD R2) [mitigation,apex_barrier,benefits:assimilate]

Focus on: shield synergy, sustained damage, shield repair. Exploit Explorer defensive strengths.

Build 2-3 crews. Each crew = 1 captain + 2 bridge officers.
You may ONLY use names from the numbered list above. Do NOT use any other names.
Return JSON: {"crews":[{"captain":"NAME","bridge":["NAME","NAME"],"reasoning":"why"}]}

=== GROUP RESULT: PvP on Explorer ===
ok=1 error=''
crews parsed: 3
history_id: 1775426043-5320
response:
{"crews":[{"captain":"LORCA","bridge":["Five of Eleven","Beverly Crusher"],"reasoning":"LORCA applies breach, Five of Eleven provides shield and mitigation, and Beverly Crusher boosts shields and mitigates damage."},
{"captain":"Chang","bridge":["PIC Worf","Mirror Data"],"reasoning":"Chang fires a critical breach shot, PIC Worf amplifies the breach effect, and Mirror Data's assimilate ability can help absorb damage."},
{"captain":"Alexander Marcus","bridge":["Ikat'ika","Mirror Troi"],"reasoning":"Alexander Marcus pierces shields with his isolytic attack, Ikat'ika mitigates damage, and Mirror Troi's apex barrier helps protect against large hits."}]}

=== GROUP QUERY: PvP on Explorer (11 officers) ===
sys_prompt length: 1454
user_prompt length: 1077
total prompt: 2531 chars
--- SYSTEM PROMPT ---
You are an expert STFC (Star Trek Fleet Command) crew advisor. This is a MOBILE GAME by Scopely.

CREW MECHANICS:
- 1 Captain (CM fires ONCE at battle start) + 2 Bridge (OA always active) + optional Below Decks (BDA passive).
- Synergy: officers in the same group ('g' field) get bonus stats together.
- State chains: one officer applies a state via CM, another benefits via OA. Very powerful.

DATA FORMAT: n=name, rk=rank, g=group, cm=captain_maneuver, oa=officer_ability, bd=below_decks, t=tags

RULES:
1. ONLY use officer names from the provided list (these are OWNED officers).
2. Each crew = 1 captain + 2 bridge. No repeats across crews.
3. For each crew: explain WHY this captain (CM effect) and WHY each bridge (OA effect).

FOCUS: PvP crews when the player FLIES AN EXPLORER.
Explorers have strong shields and balanced stats. Optimize for shield synergy, sustained damage, and exploiting the Explorer's defensive strengths.
Consider officers whose abilities scale with shield stats or provide shield repair.

Respond with ONLY valid JSON. Use EXACTLY this format:
{"crews":[{"captain":"NAME","bridge":["NAME","NAME"],"reasoning":"why"}]}
CRITICAL: captain and bridge values must be plain strings (exact names from the list), NOT objects.
Example: {"crews":[{"captain":"Five of Eleven","bridge":["Beverly Crusher","Mirror Data"],"reasoning":"explain why"}]}
IMPORTANT: You may ONLY use names from the officer list provided. Do NOT invent names.

--- USER PROMPT ---
Pick crews from ONLY these 11 officers:
- Five of Eleven (ENG R5) [shield,mitigation]
- Beverly Crusher (SCI R3) [shield,mitigation,stat_boost]
- Mirror Data (ENG R3) [mitigation,apex_barrier,applies:assimilate]
- Alexander Marcus (CMD R3) [shield_pierce,shield,applies:morale]
- Carol Freeman (CMD R3) [extra_shots,isolytic,benefits:assimilate,benefits:breach,benefits:burning,benefits:morale]
- Mirror Picard (CMD R3) [apex_barrier,isolytic,benefits:assimilate]
- PIC Worf (CMD R3) [applies:breach]
- Weyoun (CMD R3) [extra_shots,applies:morale,benefits:morale]
- Ikat'ika (SCI R2) [mitigation,benefits:morale]
- Mirror Troi (SCI R2) [mitigation,apex_barrier,benefits:assimilate]
- Mirror Kira (CMD R2) [mitigation,apex_barrier,benefits:assimilate]

Focus on: shield synergy, sustained damage, shield repair. Exploit Explorer defensive strengths.

Build 2-3 crews. Each crew = 1 captain + 2 bridge officers.
You may ONLY use names from the numbered list above. Do NOT use any other names.
Return JSON: {"crews":[{"captain":"NAME","bridge":["NAME","NAME"],"reasoning":"why"}]}

=== GROUP RESULT: PvP on Explorer ===
ok=1 error=''
crews parsed: 3
history_id: 1775427082-8736
response:
{"crews":[{"captain":"Five of Eleven","bridge":["Mirror Data","Beverly Crusher"],"reasoning":"Five of Eleven provides shield and mitigation bonuses. Mirror Data's assimilate applies to Beverly Crusher, who benefits from the shield and mitigation stats. This crew exploits Explorer shields with sustained damage and shield synergy."},
{"captain":"Alexander Marcus","bridge":["PIC Worf","Mirror Troi"],"reasoning":"Alexander Marcus pierces shields and applies morale. PIC Worf breaches shields, while Mirror Troi's assimilate applies to both officers, providing additional benefits from their stats."},
{"captain":"Carol Freeman","bridge":["Ikat'ika","Weyoun"],"reasoning":"Carol Freeman provides extra shots and various benefits. Ikat'ika offers mitigation and morale benefits, while Weyoun's morale applications enhance the crew's overall performance."}]}

=== META REFRESH: PvP General ===
ok=1 error=''
response length: 5628
response:
```json
{
  "officers": [
    {
      "name": "Mirror Picard",
      "role": "CM",
      "reason": "The cornerstone of the Mirror crew, he applies the 'Assimilated' debuff, enabling massive damage and mitigation from other Mirror officers."
    },
    {
      "name": "Mirror Data",
      "role": "OA",
      "reason": "Essential for Mirror crews, he significantly reduces the opponent's mitigation and provides an 'Apex Barrier' for defense."
    },
    {
      "name": "Mirror Kira",
      "role": "OA",
      "reason": "Completes the Mirror synergy, offering both defensive and offensive boosts, particularly effective against Assimilated targets."
    },
    {
      "name": "Mirror Troi",
      "role": "CM",
      "reason": "Serves as an 'Apex Barrier' captain specifically against Explorers, while also boosting energy weapon damage against Assimilated foes."
    },
    {
      "name": "Mirror Ezri",
      "role": "CM",
      "reason": "Functions as an 'Apex Barrier' captain against Battleships, enhancing kinetic weapon damage when facing Assimilated opponents."
    },
    {
      "name": "Gul Dukat",
      "role": "CM",
      "reason": "Captain for the highly effective Interceptor Strike Team, providing overwhelming power and synergy for interceptor ships."
    },
    {
      "name": "Garak",
      "role": "OA",
      "reason": "A core bridge officer for the Interceptor Strike Team, synergizing with Gul Dukat to maximize interceptor combat effectiveness."
    },
    {
      "name": "Damar",
      "role": "OA",
      "reason": "Another crucial bridge officer for the Interceptor Strike Team, further enhancing the crew's offensive capabilities."
    },
    {
      "name": "Weyoun",
      "role": "CM",
      "reason": "Leads the Explorer Strike Team, significantly boosting the performance of explorer ships in PvP engagements."
    },
    {
      "name": "SNW La'an",
      "role": "CM",
      "reason": "A key officer for the Battleship Strike Team, providing strong offensive

=== META REFRESH: PvP on Explorer ===
ok=1 error=''
response length: 521
response:
The current META for PvP on Explorer ships in Star Trek Fleet Command, as of April 5, 2026, emphasizes specialized Explorer Strike Teams and the powerful Mirror Universe synergy for anti-Explorer combat. These crews focus on maximizing offensive output through critical hits and weapon damage, while also employing strong defensive mechanics like Morale and Apex Barriers to enhance survivability against other players.

Here are the top 15-20 officers for PvP on Explorer, along with their roles and why they are META:



=== META REFRESH: PvP on Battleship ===
ok=1 error=''
response length: 5539
response:
```json
{
  "officers": [
    {
      "name": "SNW La'an",
      "role": "CM",
      "reason": "As Captain, she significantly increases weapon shots and applies Burning, which activates her powerful Captain Maneuver for Battleships in PvP."
    },
    {
      "name": "SNW Una",
      "role": "OA",
      "reason": "She decreases enemy shield mitigation, which is crucial for Battleships to maximize their damage output in PvP."
    },
    {
      "name": "Shaxs (Lower Decks)",
      "role": "OA",
      "reason": "He massively increases Isolytic Cascade damage when the enemy is Burning, synergizing perfectly with SNW La'an's ability."
    },
    {
      "name": "Mirror Ezri",
      "role": "CM",
      "reason": "She provides an extremely powerful Apex Barrier specifically designed to protect Battleships against other player Battleships."
    },
    {
      "name": "Mirror Data",
      "role": "OA",
      "reason": "He enhances the Mirror crew synergy, providing strong defensive capabilities and overall combat effectiveness."
    },
    {
      "name": "Mirror Kira",
      "role": "OA",
      "reason": "Her abilities ramp up over multiple rounds of combat, delivering increasing damage or defensive benefits as the fight progresses."
    },
    {
      "name": "Specialist Seven",
      "role": "CM",
      "reason": "She offers the greatest shot boosting effect against player Battleships that are under the effect of Hull Breach."
    },
    {
      "name": "Infiltrator Tuvok",
      "role": "OA",
      "reason": "He brings the strongest Isolytic Cascade Officer Ability to the game, requiring Hull Breach on the target for maximum effect."
    },
    {
      "name": "Icheb",
      "role": "OA",
      "reason": "He provides significant defensive longevity to the crew, allowing Battleships to sustain longer in PvP engagements."
    },
    {
      "name": "Gul Dukat",
      "role": "CM",
      "reason": "A strong PvP captain known for boosting shot count and critical rate, makin

=== META REFRESH: PvP on Interceptor ===
ok=0 error='Gemini rate limited — retry in a moment. You exceeded your current quota, please check your plan and billing details. For more information on this error, head to: https://ai.google.dev/gemini-api/docs/rate-limits. To monitor your current usage, head to: https://ai.dev/rate-limit. 
* Quota exceeded for metric: generativelanguage.googleapis.com/generate_content_free_tier_requests, limit: 20, model: gemini-2.5-flash
Please retry in 20.196971151s.'
response length: 0
response:


=== META REFRESH: PvP vs Explorer ===
ok=1 error=''
response length: 5749
response:
```json
{
  "officers": [
    {
      "name": "Weyoun",
      "role": "CM",
      "reason": "As Captain, Weyoun provides a 100% chance to apply Morale, which is crucial for activating many anti-Explorer officer abilities and boosting piercing stats on an Explorer ship."
    },
    {
      "name": "Pon",
      "role": "OA",
      "reason": "Pon significantly decreases the opponent's critical hit chance, providing essential defense for your Explorer in PvP, especially when paired with Morale."
    },
    {
      "name": "Ikat'ika",
      "role": "OA",
      "reason": "Ikat'ika dramatically increases weapon damage at the start of each round when on an Explorer with Morale, making him a core offensive component against other Explorers."
    },
    {
      "name": "Soran",
      "role": "CM",
      "reason": "Soran applies the 'Burning' status effect to the enemy ship and provides a substantial Apex Barrier against player Explorers, making him a strong defensive captain."
    },
    {
      "name": "Mirror Troi",
      "role": "CM",
      "reason": "Mirror Troi serves as an anti-Explorer Apex Barrier captain, offering tremendous protection and boosting Energy weapon damage against Assimilated players."
    },
    {
      "name": "Mirror Data",
      "role": "OA",
      "reason": "Mirror Data provides the 'Assimilation' effect, which is necessary to activate Mirror Troi's abilities, and offers valuable synergy for Mirror Universe crews."
    },
    {
      "name": "Mirror Kira",
      "role": "OA",
      "reason": "Mirror Kira contributes to the Mirror Universe synergy, providing an improved shot count and enhancing the overall effectiveness of the crew."
    },
    {
      "name": "Alexander Marcus",
      "role": "OA",
      "reason": "Alexander Marcus is a classic anti-Explorer officer who dramatically increases the ship's Shield Piercing, making him effective at bypassing enemy shields."
    },
    {
      "name": "Yuki Sulu",
      "role": "OA",
      "reason": "Yuki

=== META REFRESH: PvP vs Battleship ===
ok=0 error='Gemini rate limited — retry in a moment. You exceeded your current quota, please check your plan and billing details. For more information on this error, head to: https://ai.google.dev/gemini-api/docs/rate-limits. To monitor your current usage, head to: https://ai.dev/rate-limit. 
* Quota exceeded for metric: generativelanguage.googleapis.com/generate_content_free_tier_requests, limit: 20, model: gemini-2.5-flash
Please retry in 53.337716498s.'
response length: 0
response:


=== META REFRESH: PvP vs Interceptor ===
ok=0 error='Gemini rate limited — retry in a moment. You exceeded your current quota, please check your plan and billing details. For more information on this error, head to: https://ai.google.dev/gemini-api/docs/rate-limits. To monitor your current usage, head to: https://ai.dev/rate-limit. 
* Quota exceeded for metric: generativelanguage.googleapis.com/generate_content_free_tier_requests, limit: 20, model: gemini-2.5-flash
Please retry in 52.721944991s.'
response length: 0
response:


=== META REFRESH: PvE General ===
ok=0 error='Gemini rate limited — retry in a moment. You exceeded your current quota, please check your plan and billing details. For more information on this error, head to: https://ai.google.dev/gemini-api/docs/rate-limits. To monitor your current usage, head to: https://ai.dev/rate-limit. 
* Quota exceeded for metric: generativelanguage.googleapis.com/generate_content_free_tier_requests, limit: 20, model: gemini-2.5-flash
Please retry in 52.23265016s.'
response length: 0
response:


=== META REFRESH: PvE Specialized ===
ok=0 error='Gemini rate limited — retry in a moment. You exceeded your current quota, please check your plan and billing details. For more information on this error, head to: https://ai.google.dev/gemini-api/docs/rate-limits. To monitor your current usage, head to: https://ai.dev/rate-limit. 
* Quota exceeded for metric: generativelanguage.googleapis.com/generate_content_free_tier_requests, limit: 20, model: gemini-2.5-flash
Please retry in 51.639562285s.'
response length: 0
response:


=== META REFRESH: Base Attack ===
ok=0 error='Gemini rate limited — retry in a moment. You exceeded your current quota, please check your plan and billing details. For more information on this error, head to: https://ai.google.dev/gemini-api/docs/rate-limits. To monitor your current usage, head to: https://ai.dev/rate-limit. 
* Quota exceeded for metric: generativelanguage.googleapis.com/generate_content_free_tier_requests, limit: 20, model: gemini-2.5-flash
Please retry in 51.008982681s.'
response length: 0
response:


=== META REFRESH: Base Defend ===
ok=0 error='Gemini rate limited — retry in a moment. You exceeded your current quota, please check your plan and billing details. For more information on this error, head to: https://ai.google.dev/gemini-api/docs/rate-limits. To monitor your current usage, head to: https://ai.dev/rate-limit. 
* Quota exceeded for metric: generativelanguage.googleapis.com/generate_content_free_tier_requests, limit: 20, model: gemini-2.5-flash
Please retry in 50.258002985s.'
response length: 0
response:


=== META REFRESH: Armada ===
ok=0 error='Gemini rate limited — retry in a moment. You exceeded your current quota, please check your plan and billing details. For more information on this error, head to: https://ai.google.dev/gemini-api/docs/rate-limits. To monitor your current usage, head to: https://ai.dev/rate-limit. 
* Quota exceeded for metric: generativelanguage.googleapis.com/generate_content_free_tier_requests, limit: 20, model: gemini-2.5-flash
Please retry in 49.487366923s.'
response length: 0
response:


=== META REFRESH: Loot & Cargo ===
ok=0 error='Gemini rate limited — retry in a moment. You exceeded your current quota, please check your plan and billing details. For more information on this error, head to: https://ai.google.dev/gemini-api/docs/rate-limits. To monitor your current usage, head to: https://ai.dev/rate-limit. 
* Quota exceeded for metric: generativelanguage.googleapis.com/generate_content_free_tier_requests, limit: 20, model: gemini-2.5-flash
Please retry in 48.835258952s.'
response length: 0
response:


=== META REFRESH: State Chain ===
ok=0 error='Gemini rate limited — retry in a moment. You exceeded your current quota, please check your plan and billing details. For more information on this error, head to: https://ai.google.dev/gemini-api/docs/rate-limits. To monitor your current usage, head to: https://ai.dev/rate-limit. 
* Quota exceeded for metric: generativelanguage.googleapis.com/generate_content_free_tier_requests, limit: 20, model: gemini-2.5-flash
Please retry in 48.272382381s.'
response length: 0
response:


=== META REFRESH: Apex & Isolytic ===
ok=0 error='Gemini rate limited — retry in a moment. You exceeded your current quota, please check your plan and billing details. For more information on this error, head to: https://ai.google.dev/gemini-api/docs/rate-limits. To monitor your current usage, head to: https://ai.dev/rate-limit. 
* Quota exceeded for metric: generativelanguage.googleapis.com/generate_content_free_tier_requests, limit: 20, model: gemini-2.5-flash
Please retry in 47.958289489s.'
response length: 0
response:


=== GROUP QUERY: PvP General (15 officers) ===
sys_prompt length: 1374
user_prompt length: 1247
total prompt: 2621 chars
--- SYSTEM PROMPT ---
You are an expert STFC (Star Trek Fleet Command) crew advisor. This is a MOBILE GAME by Scopely.

CREW MECHANICS:
- 1 Captain (CM fires ONCE at battle start) + 2 Bridge (OA always active) + optional Below Decks (BDA passive).
- Synergy: officers in the same group ('g' field) get bonus stats together.
- State chains: one officer applies a state via CM, another benefits via OA. Very powerful.

DATA FORMAT: n=name, rk=rank, g=group, cm=captain_maneuver, oa=officer_ability, bd=below_decks, t=tags

RULES:
1. ONLY use officer names from the provided list (these are OWNED officers).
2. Each crew = 1 captain + 2 bridge. No repeats across crews.
3. For each crew: explain WHY this captain (CM effect) and WHY each bridge (OA effect).

FOCUS: UNIVERSAL PvP COMBAT crews. These should work well on ANY ship type.
Prioritize armor/shield piercing, crits, damage bursts, stat boosters.
Captain CM should deliver a powerful opening strike or critical debuff.

Respond with ONLY valid JSON. Use EXACTLY this format:
{"crews":[{"captain":"NAME","bridge":["NAME","NAME"],"reasoning":"why"}]}
CRITICAL: captain and bridge values must be plain strings (exact names from the list), NOT objects.
Example: {"crews":[{"captain":"Tuvok","bridge":["Honorguard Worf","LORCA"],"reasoning":"explain why"}]}
IMPORTANT: You may ONLY use names from the officer list provided. Do NOT invent names.

--- USER PROMPT ---
Pick crews from ONLY these 15 officers:
- Tuvok (SCI R5)
- Honorguard Worf (CMD R5) [armor_pierce,crit,mitigation]
- LORCA (SCI R5) [applies:breach,benefits:breach]
- Hugh (ENG R4)
- Damar (ENG R3) [crit,benefits:breach]
- Garak (SCI R3) [crit,benefits:breach]
- Mirror Data (ENG R3) [mitigation,apex_barrier,applies:assimilate]
- Worf (CMD R3) [mitigation]
- Carol Freeman (CMD R3) [extra_shots,isolytic,benefits:assimilate,benefits:breach,benefits:burning,benefits:morale]
- Gul Dukat (CMD R3) [applies:breach,benefits:breach]
- Mirror Picard (CMD R3) [apex_barrier,isolytic,benefits:assimilate]
- Weyoun (CMD R3) [extra_shots,applies:morale,benefits:morale]
- Mirror Ezri (SCI R2) [mitigation,apex_barrier,benefits:assimilate]
- Mirror Troi (SCI R2) [mitigation,apex_barrier,benefits:assimilate]
- Mirror Kira (CMD R2) [mitigation,apex_barrier,benefits:assimilate]

Focus on: armor/shield piercing, critical hits, damage bursts, stat boosters. Captain CM should deliver a powerful opening strike or critical debuff.

Build 2-3 crews. Each crew = 1 captain + 2 bridge officers.
You may ONLY use names from the numbered list above. Do NOT use any other names.
Return JSON: {"crews":[{"captain":"NAME","bridge":["NAME","NAME"],"reasoning":"why"}]}

=== GROUP RESULT: PvP General ===
ok=1 error=''
crews parsed: 3
history_id: 1775434641-6351
response:
{"crews":[{"captain":"LORCA","bridge":["Honorguard Worf","Damar"],"reasoning":"LORCA's breach application and Damar's critical hits and breach benefits make for a strong opening strike. Honorguard Worf provides armor piercing and mitigation."},
{"captain":"Gul Dukat","bridge":["Mirror Data","Weyoun"],"reasoning":"Gul Dukat applies breach, Mirror Data provides mitigation and assimilate benefits, while Weyoun's extra shots and morale application support the crew."},
{"captain":"Tuvok","bridge":["Honorguard Worf","Carol Freeman"],"reasoning":"Tuvok's powerful CM sets up Honorguard Worf's armor piercing and Carol Freeman's critical hits and various benefits for a well-rounded attack."}]}

=== GROUP QUERY: PvP General (13 officers) ===
sys_prompt length: 1709
user_prompt length: 1082
total prompt: 2791 chars
--- SYSTEM PROMPT ---
You are an expert STFC (Star Trek Fleet Command) crew advisor. This is a MOBILE GAME by Scopely.

CREW MECHANICS:
- 1 Captain (CM fires ONCE at battle start) + 2 Bridge (OA always active) + optional Below Decks (BDA passive).
- Synergy: officers in the same group ('g' field) get bonus stats together.
- State chains: one officer applies a state via CM, another benefits via OA. Very powerful.

DATA FORMAT: n=name, rk=rank, g=group, cm=captain_maneuver, oa=officer_ability, bd=below_decks, t=tags

RULES:
1. ONLY use officer names from the provided list (these are OWNED officers).
2. Each crew = 1 captain + 2 bridge. No repeats across crews.
3. For each crew: explain WHY this captain (CM effect) and WHY each bridge (OA effect).

FOCUS: UNIVERSAL PvP COMBAT crews. These should work well on ANY ship type.
Prioritize armor/shield piercing, crits, damage bursts, stat boosters.
Captain CM should deliver a powerful opening strike or critical debuff.

Respond with ONLY valid JSON. Use EXACTLY this format:
{"crews":[{"captain":"NAME","bridge":["NAME","NAME"],"reasoning":"why"}]}
CRITICAL: captain and bridge values must be plain strings (exact names from the list), NOT objects.
Example: {"crews":[{"captain":"T'Pring","bridge":["Tuvok","Yuki Sulu"],"reasoning":"explain why"}]}
IMPORTANT: You may ONLY use names from the officer list provided. Do NOT invent names.

--- CURRENT META KNOWLEDGE (from game experts) ---
The General PvP meta is dominated by Isolytic Damage and Apex Barriers, where victory is decided by who can bypass mitigation first.
--- END META KNOWLEDGE ---
Use the meta knowledge above to guide your crew choices. Prioritize synergies and captain choices that match the current meta.

--- USER PROMPT ---
Pick crews from ONLY these 13 officers:
- T'Pring (CMD R5)
- Tuvok (SCI R5)
- Yuki Sulu (ENG R5) [shield]
- Gorkon (CMD R5) [crit,applies:breach]
- LORCA (SCI R5) [applies:breach,benefits:breach]
- Damar (ENG R3) [crit,benefits:breach]
- Worf (CMD R3) [mitigation]
- Alexander Marcus (CMD R3) [shield_pierce,shield,applies:morale]
- Carol Freeman (CMD R3) [extra_shots,isolytic,benefits:assimilate,benefits:breach,benefits:burning,benefits:morale]
- Gul Dukat (CMD R3) [applies:breach,benefits:breach]
- Mirror Picard (CMD R3) [apex_barrier,isolytic,benefits:assimilate]
- Weyoun (CMD R3) [extra_shots,applies:morale,benefits:morale]
- Mirror Kira (CMD R2) [mitigation,apex_barrier,benefits:assimilate]

Focus on: armor/shield piercing, critical hits, damage bursts, stat boosters. Captain CM should deliver a powerful opening strike or critical debuff.

Build 2-3 crews. Each crew = 1 captain + 2 bridge officers.
You may ONLY use names from the numbered list above. Do NOT use any other names.
Return JSON: {"crews":[{"captain":"NAME","bridge":["NAME","NAME"],"reasoning":"why"}]}

=== GROUP RESULT: PvP General ===
ok=1 error=''
crews parsed: 3
history_id: 1775442495-7710
response:
{
  "crews": [
    {
      "captain": "Mirror Picard",
      "bridge": [
        "Carol Freeman",
        "Mirror Kira"
      ],
      "reasoning": "This crew is built around the current PvP meta of Isolytic Damage and Apex Barriers. Mirror Picard as Captain delivers an opening strike of Isolytic Damage and applies Apex Barrier, directly countering enemy mitigation. Carol Freeman amplifies damage with additional Isolytic Damage and extra shots, significantly boosting the ship's offensive output. Mirror Kira further enhances Apex Barrier and provides crucial mitigation, making the ship both offensively potent and defensively resilient against other meta crews."
    },
    {
      "captain": "Gorkon",
      "bridge": [
        "LORCA",
        "Damar"
      ],
      "reasoning": "This crew focuses on applying and benefiting from Breach, combined with critical hit amplification for massive damage bursts. Gorkon's Captain Maneuver applies Breach and boosts critical chances at the start of 

=== parse_crew_response ===
resp.ok()=0 error='Gemini rate limited — retry in a moment. You exceeded your current quota, please check your plan and billing details. For more information on this error, head to: https://ai.google.dev/gemini-api/docs/rate-limits. To monitor your current usage, head to: https://ai.dev/rate-limit. 
* Quota exceeded for metric: generativelanguage.googleapis.com/generate_content_free_tier_requests, limit: 20, model: gemini-2.5-flash
Please retry in 56.008200712s.'
content length=0
content:

===========================

=== GROUP QUERY: PvP General (13 officers) ===
sys_prompt length: 2407
user_prompt length: 1082
total prompt: 3489 chars
--- SYSTEM PROMPT ---
You are an expert STFC (Star Trek Fleet Command) crew advisor. This is a MOBILE GAME by Scopely.

CREW MECHANICS:
- 1 Captain (CM fires ONCE at battle start) + 2 Bridge (OA always active) + optional Below Decks (BDA passive).
- Synergy: officers in the same group ('g' field) get bonus stats together.
- State chains: one officer applies a state via CM, another benefits via OA. Very powerful.

DATA FORMAT: n=name, rk=rank, g=group, cm=captain_maneuver, oa=officer_ability, bd=below_decks, t=tags

RULES:
1. ONLY use officer names from the provided list (these are OWNED officers).
2. Each crew = 1 captain + 2 bridge. No repeats across crews.
3. For each crew: explain WHY this captain (CM effect) and WHY each bridge (OA effect).

FOCUS: UNIVERSAL PvP COMBAT crews. These should work well on ANY ship type.
Prioritize armor/shield piercing, crits, damage bursts, stat boosters.
Captain CM should deliver a powerful opening strike or critical debuff.

Respond with ONLY valid JSON. Use EXACTLY this format:
{"crews":[{"captain":"NAME","bridge":["NAME","NAME"],"reasoning":"why"}]}
CRITICAL: captain and bridge values must be plain strings (exact names from the list), NOT objects.
Example: {"crews":[{"captain":"T'Pring","bridge":["Tuvok","Yuki Sulu"],"reasoning":"explain why"}]}
IMPORTANT: You may ONLY use names from the officer list provided. Do NOT invent names.

--- CURRENT META KNOWLEDGE (from game experts) ---
The General PvP meta is dominated by Isolytic Damage and Apex Barriers, where victory is decided by who can bypass mitigation first.
--- END META KNOWLEDGE ---
Use the meta knowledge above to guide your crew choices. Prioritize synergies and captain choices that match the current meta.


PRIOR GOOD RESPONSES (the user rated these highly — use them as reference):
--- Response 1 ---
{
  "crews": [
    {
      "captain": "Mirror Picard",
      "bridge": [
        "Carol Freeman",
        "Mirror Kira"
      ],
      "reasoning": "This crew is built around the current PvP meta of Isolytic Damage and Apex Barriers. Mirror Picard as Captain delivers an opening strike of Isolytic Damage and applies Apex Barrier, directly countering enemy mitigation. Carol Freeman amplifies damage with additional Isolytic Damage and extra shots, significantly boosting the ship's offensive output....[truncated]
---
Build on what worked in these prior responses. Keep the same style and quality.

--- USER PROMPT ---
Pick crews from ONLY these 13 officers:
- T'Pring (CMD R5)
- Tuvok (SCI R5)
- Yuki Sulu (ENG R5) [shield]
- Gorkon (CMD R5) [crit,applies:breach]
- LORCA (SCI R5) [applies:breach,benefits:breach]
- Damar (ENG R3) [crit,benefits:breach]
- Worf (CMD R3) [mitigation]
- Alexander Marcus (CMD R3) [shield_pierce,shield,applies:morale]
- Carol Freeman (CMD R3) [extra_shots,isolytic,benefits:assimilate,benefits:breach,benefits:burning,benefits:morale]
- Gul Dukat (CMD R3) [applies:breach,benefits:breach]
- Mirror Picard (CMD R3) [apex_barrier,isolytic,benefits:assimilate]
- Weyoun (CMD R3) [extra_shots,applies:morale,benefits:morale]
- Mirror Kira (CMD R2) [mitigation,apex_barrier,benefits:assimilate]

Focus on: armor/shield piercing, critical hits, damage bursts, stat boosters. Captain CM should deliver a powerful opening strike or critical debuff.

Build 2-3 crews. Each crew = 1 captain + 2 bridge officers.
You may ONLY use names from the numbered list above. Do NOT use any other names.
Return JSON: {"crews":[{"captain":"NAME","bridge":["NAME","NAME"],"reasoning":"why"}]}

=== GROUP RESULT: PvP General ===
ok=1 error=''
crews parsed: 3
history_id: 1775443019-8366
response:
{
  "crews": [
    {
      "captain": "Mirror Picard",
      "bridge": [
        "Carol Freeman",
        "Mirror Kira"
      ],
      "reasoning": "This crew is built around the current PvP meta of Isolytic Damage and Apex Barriers. Mirror Picard as Captain delivers an opening strike of Isolytic Damage and applies Apex Barrier, directly targeting enemy mitigation and defenses. Carol Freeman amplifies damage with additional Isolytic Damage and extra shots, significantly boosting the ship's offensive output and benefiting from various debuffs. Mirror Kira further enhances the crew's ability to apply Apex Barrier and provides crucial mitigation, ensuring both offensive pressure and defensive resilience."
    },
    {
      "captain": "Gorkon",
      "bridge": [
        "LORCA",
        "Damar"
      ],
      "reasoning": "This crew specializes in applying and exploiting the Breach debuff for massive critical damage. Gorkon as Captain delivers an opening critical strike and applies Breach

=== GROUP QUERY: PvP General (12 officers) ===
sys_prompt length: 2406
user_prompt length: 1063
total prompt: 3469 chars
--- SYSTEM PROMPT ---
You are an expert STFC (Star Trek Fleet Command) crew advisor. This is a MOBILE GAME by Scopely.

CREW MECHANICS:
- 1 Captain (CM fires ONCE at battle start) + 2 Bridge (OA always active) + optional Below Decks (BDA passive).
- Synergy: officers in the same group ('g' field) get bonus stats together.
- State chains: one officer applies a state via CM, another benefits via OA. Very powerful.

DATA FORMAT: n=name, rk=rank, g=group, cm=captain_maneuver, oa=officer_ability, bd=below_decks, t=tags

RULES:
1. ONLY use officer names from the provided list (these are OWNED officers).
2. Each crew = 1 captain + 2 bridge. No repeats across crews.
3. For each crew: explain WHY this captain (CM effect) and WHY each bridge (OA effect).

FOCUS: UNIVERSAL PvP COMBAT crews. These should work well on ANY ship type.
Prioritize armor/shield piercing, crits, damage bursts, stat boosters.
Captain CM should deliver a powerful opening strike or critical debuff.

Respond with ONLY valid JSON. Use EXACTLY this format:
{"crews":[{"captain":"NAME","bridge":["NAME","NAME"],"reasoning":"why"}]}
CRITICAL: captain and bridge values must be plain strings (exact names from the list), NOT objects.
Example: {"crews":[{"captain":"Tuvok","bridge":["Yuki Sulu","Gorkon"],"reasoning":"explain why"}]}
IMPORTANT: You may ONLY use names from the officer list provided. Do NOT invent names.

--- CURRENT META KNOWLEDGE (from game experts) ---
The General PvP meta is dominated by Isolytic Damage and Apex Barriers, where victory is decided by who can bypass mitigation first.
--- END META KNOWLEDGE ---
Use the meta knowledge above to guide your crew choices. Prioritize synergies and captain choices that match the current meta.


PRIOR GOOD RESPONSES (the user rated these highly — use them as reference):
--- Response 1 ---
{
  "crews": [
    {
      "captain": "Mirror Picard",
      "bridge": [
        "Carol Freeman",
        "Mirror Kira"
      ],
      "reasoning": "This crew is built around the current PvP meta of Isolytic Damage and Apex Barriers. Mirror Picard as Captain delivers an opening strike of Isolytic Damage and applies Apex Barrier, directly countering enemy mitigation. Carol Freeman amplifies damage with additional Isolytic Damage and extra shots, significantly boosting the ship's offensive output....[truncated]
---
Build on what worked in these prior responses. Keep the same style and quality.

--- USER PROMPT ---
Pick crews from ONLY these 12 officers:
- Tuvok (SCI R5)
- Yuki Sulu (ENG R5) [shield]
- Gorkon (CMD R5) [crit,applies:breach]
- LORCA (SCI R5) [applies:breach,benefits:breach]
- Damar (ENG R3) [crit,benefits:breach]
- Worf (CMD R3) [mitigation]
- Alexander Marcus (CMD R3) [shield_pierce,shield,applies:morale]
- Carol Freeman (CMD R3) [extra_shots,isolytic,benefits:assimilate,benefits:breach,benefits:burning,benefits:morale]
- Gul Dukat (CMD R3) [applies:breach,benefits:breach]
- Mirror Picard (CMD R3) [apex_barrier,isolytic,benefits:assimilate]
- Weyoun (CMD R3) [extra_shots,applies:morale,benefits:morale]
- Mirror Kira (CMD R2) [mitigation,apex_barrier,benefits:assimilate]

Focus on: armor/shield piercing, critical hits, damage bursts, stat boosters. Captain CM should deliver a powerful opening strike or critical debuff.

Build 2-3 crews. Each crew = 1 captain + 2 bridge officers.
You may ONLY use names from the numbered list above. Do NOT use any other names.
Return JSON: {"crews":[{"captain":"NAME","bridge":["NAME","NAME"],"reasoning":"why"}]}

=== GROUP RESULT: PvP General ===
ok=0 error='Gemini rate limited — retry in a moment. You exceeded your current quota, please check your plan and billing details. For more information on this error, head to: https://ai.google.dev/gemini-api/docs/rate-limits. To monitor your current usage, head to: https://ai.dev/rate-limit. 
* Quota exceeded for metric: generativelanguage.googleapis.com/generate_content_free_tier_requests, limit: 20, model: gemini-2.5-flash
Please retry in 15.317463272s.'
crews parsed: 0
history_id: 1775443664-6572
response:


=== GROUP QUERY: PvP General (13 officers) ===
sys_prompt length: 2407
user_prompt length: 1082
total prompt: 3489 chars
--- SYSTEM PROMPT ---
You are an expert STFC (Star Trek Fleet Command) crew advisor. This is a MOBILE GAME by Scopely.

CREW MECHANICS:
- 1 Captain (CM fires ONCE at battle start) + 2 Bridge (OA always active) + optional Below Decks (BDA passive).
- Synergy: officers in the same group ('g' field) get bonus stats together.
- State chains: one officer applies a state via CM, another benefits via OA. Very powerful.

DATA FORMAT: n=name, rk=rank, g=group, cm=captain_maneuver, oa=officer_ability, bd=below_decks, t=tags

RULES:
1. ONLY use officer names from the provided list (these are OWNED officers).
2. Each crew = 1 captain + 2 bridge. No repeats across crews.
3. For each crew: explain WHY this captain (CM effect) and WHY each bridge (OA effect).

FOCUS: UNIVERSAL PvP COMBAT crews. These should work well on ANY ship type.
Prioritize armor/shield piercing, crits, damage bursts, stat boosters.
Captain CM should deliver a powerful opening strike or critical debuff.

Respond with ONLY valid JSON. Use EXACTLY this format:
{"crews":[{"captain":"NAME","bridge":["NAME","NAME"],"reasoning":"why"}]}
CRITICAL: captain and bridge values must be plain strings (exact names from the list), NOT objects.
Example: {"crews":[{"captain":"T'Pring","bridge":["Tuvok","Yuki Sulu"],"reasoning":"explain why"}]}
IMPORTANT: You may ONLY use names from the officer list provided. Do NOT invent names.

--- CURRENT META KNOWLEDGE (from game experts) ---
The General PvP meta is dominated by Isolytic Damage and Apex Barriers, where victory is decided by who can bypass mitigation first.
--- END META KNOWLEDGE ---
Use the meta knowledge above to guide your crew choices. Prioritize synergies and captain choices that match the current meta.


PRIOR GOOD RESPONSES (the user rated these highly — use them as reference):
--- Response 1 ---
{
  "crews": [
    {
      "captain": "Mirror Picard",
      "bridge": [
        "Carol Freeman",
        "Mirror Kira"
      ],
      "reasoning": "This crew is built around the current PvP meta of Isolytic Damage and Apex Barriers. Mirror Picard as Captain delivers an opening strike of Isolytic Damage and applies Apex Barrier, directly countering enemy mitigation. Carol Freeman amplifies damage with additional Isolytic Damage and extra shots, significantly boosting the ship's offensive output....[truncated]
---
Build on what worked in these prior responses. Keep the same style and quality.

--- USER PROMPT ---
Pick crews from ONLY these 13 officers:
- T'Pring (CMD R5)
- Tuvok (SCI R5)
- Yuki Sulu (ENG R5) [shield]
- Gorkon (CMD R5) [crit,applies:breach]
- LORCA (SCI R5) [applies:breach,benefits:breach]
- Damar (ENG R3) [crit,benefits:breach]
- Worf (CMD R3) [mitigation]
- Alexander Marcus (CMD R3) [shield_pierce,shield,applies:morale]
- Carol Freeman (CMD R3) [extra_shots,isolytic,benefits:assimilate,benefits:breach,benefits:burning,benefits:morale]
- Gul Dukat (CMD R3) [applies:breach,benefits:breach]
- Mirror Picard (CMD R3) [apex_barrier,isolytic,benefits:assimilate]
- Weyoun (CMD R3) [extra_shots,applies:morale,benefits:morale]
- Mirror Kira (CMD R2) [mitigation,apex_barrier,benefits:assimilate]

Focus on: armor/shield piercing, critical hits, damage bursts, stat boosters. Captain CM should deliver a powerful opening strike or critical debuff.

Build 2-3 crews. Each crew = 1 captain + 2 bridge officers.
You may ONLY use names from the numbered list above. Do NOT use any other names.
Return JSON: {"crews":[{"captain":"NAME","bridge":["NAME","NAME"],"reasoning":"why"}]}

=== GROUP RESULT: PvP General ===
ok=1 error=''
crews parsed: 3
history_id: 1775444539-9680
response:
{
  "crews": [
    {
      "captain": "Mirror Picard",
      "bridge": [
        "Carol Freeman",
        "Mirror Kira"
      ],
      "reasoning": "This crew is built around the current PvP meta of Isolytic Damage and Apex Barriers. Mirror Picard as Captain delivers an opening strike of Isolytic Damage and applies Apex Barrier, directly countering enemy mitigation and setting up a strong offensive. Carol Freeman amplifies this with her own Isolytic Damage and extra shots, significantly boosting the ship's offensive output. Mirror Kira further enhances survivability by increasing mitigation and applying Apex Barrier, making the ship incredibly resilient while also contributing to the meta-counter."
    },
    {
      "captain": "Gorkon",
      "bridge": [
        "LORCA",
        "Damar"
      ],
      "reasoning": "This crew focuses on a powerful critical hit and breach synergy. Gorkon as Captain applies Breach with his Captain Maneuver, setting up the state for the bridge officers, a

=== GROUP QUERY: PvP General (13 officers) ===
sys_prompt length: 2407
user_prompt length: 1082
total prompt: 3489 chars
--- SYSTEM PROMPT ---
You are an expert STFC (Star Trek Fleet Command) crew advisor. This is a MOBILE GAME by Scopely.

CREW MECHANICS:
- 1 Captain (CM fires ONCE at battle start) + 2 Bridge (OA always active) + optional Below Decks (BDA passive).
- Synergy: officers in the same group ('g' field) get bonus stats together.
- State chains: one officer applies a state via CM, another benefits via OA. Very powerful.

DATA FORMAT: n=name, rk=rank, g=group, cm=captain_maneuver, oa=officer_ability, bd=below_decks, t=tags

RULES:
1. ONLY use officer names from the provided list (these are OWNED officers).
2. Each crew = 1 captain + 2 bridge. No repeats across crews.
3. For each crew: explain WHY this captain (CM effect) and WHY each bridge (OA effect).

FOCUS: UNIVERSAL PvP COMBAT crews. These should work well on ANY ship type.
Prioritize armor/shield piercing, crits, damage bursts, stat boosters.
Captain CM should deliver a powerful opening strike or critical debuff.

Respond with ONLY valid JSON. Use EXACTLY this format:
{"crews":[{"captain":"NAME","bridge":["NAME","NAME"],"reasoning":"why"}]}
CRITICAL: captain and bridge values must be plain strings (exact names from the list), NOT objects.
Example: {"crews":[{"captain":"T'Pring","bridge":["Tuvok","Yuki Sulu"],"reasoning":"explain why"}]}
IMPORTANT: You may ONLY use names from the officer list provided. Do NOT invent names.

--- CURRENT META KNOWLEDGE (from game experts) ---
The General PvP meta is dominated by Isolytic Damage and Apex Barriers, where victory is decided by who can bypass mitigation first.
--- END META KNOWLEDGE ---
Use the meta knowledge above to guide your crew choices. Prioritize synergies and captain choices that match the current meta.


PRIOR GOOD RESPONSES (the user rated these highly — use them as reference):
--- Response 1 ---
{
  "crews": [
    {
      "captain": "Mirror Picard",
      "bridge": [
        "Carol Freeman",
        "Mirror Kira"
      ],
      "reasoning": "This crew is built around the current PvP meta of Isolytic Damage and Apex Barriers. Mirror Picard as Captain delivers an opening strike of Isolytic Damage and applies Apex Barrier, directly countering enemy mitigation. Carol Freeman amplifies damage with additional Isolytic Damage and extra shots, significantly boosting the ship's offensive output....[truncated]
---
Build on what worked in these prior responses. Keep the same style and quality.

--- USER PROMPT ---
Pick crews from ONLY these 13 officers:
- T'Pring (CMD R5)
- Tuvok (SCI R5)
- Yuki Sulu (ENG R5) [shield]
- Gorkon (CMD R5) [crit,applies:breach]
- LORCA (SCI R5) [applies:breach,benefits:breach]
- Damar (ENG R3) [crit,benefits:breach]
- Worf (CMD R3) [mitigation]
- Alexander Marcus (CMD R3) [shield_pierce,shield,applies:morale]
- Carol Freeman (CMD R3) [extra_shots,isolytic,benefits:assimilate,benefits:breach,benefits:burning,benefits:morale]
- Gul Dukat (CMD R3) [applies:breach,benefits:breach]
- Mirror Picard (CMD R3) [apex_barrier,isolytic,benefits:assimilate]
- Weyoun (CMD R3) [extra_shots,applies:morale,benefits:morale]
- Mirror Kira (CMD R2) [mitigation,apex_barrier,benefits:assimilate]

Focus on: armor/shield piercing, critical hits, damage bursts, stat boosters. Captain CM should deliver a powerful opening strike or critical debuff.

Build 2-3 crews. Each crew = 1 captain + 2 bridge officers.
You may ONLY use names from the numbered list above. Do NOT use any other names.
Return JSON: {"crews":[{"captain":"NAME","bridge":["NAME","NAME"],"reasoning":"why"}]}

=== GROUP RESULT: PvP General ===
ok=1 error=''
crews parsed: 3
history_id: 1775445804-2200
response:
```json
{
  "crews": [
    {
      "captain": "Mirror Picard",
      "bridge": [
        "Carol Freeman",
        "Mirror Kira"
      ],
      "reasoning": "This crew dominates the current Isolytic Damage and Apex Barrier meta. Mirror Picard's CM delivers opening Isolytic Damage that bypasses enemy mitigation while applying Apex Barrier for defense. Carol Freeman provides devastating extra shots with additional Isolytic Damage, and both she and Mirror Kira benefit from assimilate states. Mirror Kira adds more Apex Barrier and mitigation, creating a fortress that deals piercing damage."
    },
    {
      "captain": "Gorkon",
      "bridge": [
        "LORCA",
        "Damar"
      ],
      "reasoning": "A critical hit powerhouse with breach synergy chain. Gorkon's CM applies breach while delivering critical damage. LORCA benefits from the breach state for massive damage amplification and can apply additional breach. Damar provides critical hit bonuses and also benefits from breach stat

=== GROUP QUERY: PvP on Explorer (12 officers) ===
sys_prompt length: 1757
user_prompt length: 1218
total prompt: 2975 chars
--- SYSTEM PROMPT ---
You are an expert STFC (Star Trek Fleet Command) crew advisor. This is a MOBILE GAME by Scopely.

CREW MECHANICS:
- 1 Captain (CM fires ONCE at battle start) + 2 Bridge (OA always active) + optional Below Decks (BDA passive).
- Synergy: officers in the same group ('g' field) get bonus stats together.
- State chains: one officer applies a state via CM, another benefits via OA. Very powerful.

DATA FORMAT: n=name, rk=rank, g=group, cm=captain_maneuver, oa=officer_ability, bd=below_decks, t=tags

RULES:
1. ONLY use officer names from the provided list (these are OWNED officers).
2. Each crew = 1 captain + 2 bridge. No repeats across crews.
3. For each crew: explain WHY this captain (CM effect) and WHY each bridge (OA effect).

FOCUS: PvP crews when the player FLIES AN EXPLORER.
Explorers have strong shields and balanced stats. Optimize for shield synergy, sustained damage, and exploiting the Explorer's defensive strengths.
Consider officers whose abilities scale with shield stats or provide shield repair.

Respond with ONLY valid JSON. Use EXACTLY this format:
{"crews":[{"captain":"NAME","bridge":["NAME","NAME"],"reasoning":"why"}]}
CRITICAL: captain and bridge values must be plain strings (exact names from the list), NOT objects.
Example: {"crews":[{"captain":"Tuvok","bridge":["Yuki Sulu","Gorkon"],"reasoning":"explain why"}]}
IMPORTANT: You may ONLY use names from the officer list provided. Do NOT invent names.

--- CURRENT META KNOWLEDGE (from game experts) ---
Explorer crews prioritize Shield/Apex regeneration and Isolytic scaling to leverage their high natural health pools.
--- END META KNOWLEDGE ---
Use the meta knowledge above to guide your crew choices. Prioritize synergies and captain choices that match the current meta.

--- USER PROMPT ---
Pick crews from ONLY these 12 officers:
- Tuvok (SCI R5)
- Yuki Sulu (ENG R5) [shield]
- Gorkon (CMD R5) [crit,applies:breach]
- James T. Kirk (CMD R5) [stat_boost,applies:morale,benefits:morale]
- LORCA (SCI R5) [applies:breach,benefits:breach]
- Damar (ENG R3) [crit,benefits:breach]
- Worf (CMD R3) [mitigation]
- Alexander Marcus (CMD R3) [shield_pierce,shield,applies:morale]
- Carol Freeman (CMD R3) [extra_shots,isolytic,benefits:assimilate,benefits:breach,benefits:burning,benefits:morale]
- Mirror Picard (CMD R3) [apex_barrier,isolytic,benefits:assimilate]
- Jean-Luc Picard (CMD R2) [crit]
- Mirror Kira (CMD R2) [mitigation,apex_barrier,benefits:assimilate]

Focus on: shield synergy, sustained damage, shield repair. Exploit Explorer defensive strengths.

IMPORTANT: The following officers are ALREADY ASSIGNED to locked crews. Do NOT use them in your recommendations:
- Carol Freeman
- Mirror Kira
- Mirror Picard
Build complementary crews using ONLY the remaining officers.


Build 2-3 crews. Each crew = 1 captain + 2 bridge officers.
You may ONLY use names from the numbered list above. Do NOT use any other names.
Return JSON: {"crews":[{"captain":"NAME","bridge":["NAME","NAME"],"reasoning":"why"}]}

=== GROUP RESULT: PvP on Explorer ===
ok=1 error=''
crews parsed: 3
history_id: 1775445812-1940
response:
```json
{
  "crews": [
    {
      "captain": "Alexander Marcus",
      "bridge": ["Yuki Sulu", "Worf"],
      "reasoning": "Alexander Marcus captain applies morale and has shield synergy. Yuki Sulu provides shield regeneration which is crucial for Explorer sustainability. Worf adds mitigation to enhance the Explorer's natural defensive strengths. This crew focuses on shield maintenance and damage reduction."
    },
    {
      "captain": "LORCA",
      "bridge": ["Gorkon", "Damar"],
      "reasoning": "LORCA captain applies breach for state chain setup. Gorkon applies additional breach and provides crit damage. Damar benefits from breach states for increased damage output. This creates a powerful breach-focused damage crew that can exploit the Explorer's ability to survive long enough for sustained damage."
    },
    {
      "captain": "James T. Kirk",
      "bridge": ["Tuvok", "Jean-Luc Picard"],
      "reasoning": "Kirk captain applies morale and benefits from it for stat boosts, c

=== GROUP QUERY: PvP on Battleship (13 officers) ===
sys_prompt length: 1736
user_prompt length: 1297
total prompt: 3033 chars
--- SYSTEM PROMPT ---
You are an expert STFC (Star Trek Fleet Command) crew advisor. This is a MOBILE GAME by Scopely.

CREW MECHANICS:
- 1 Captain (CM fires ONCE at battle start) + 2 Bridge (OA always active) + optional Below Decks (BDA passive).
- Synergy: officers in the same group ('g' field) get bonus stats together.
- State chains: one officer applies a state via CM, another benefits via OA. Very powerful.

DATA FORMAT: n=name, rk=rank, g=group, cm=captain_maneuver, oa=officer_ability, bd=below_decks, t=tags

RULES:
1. ONLY use officer names from the provided list (these are OWNED officers).
2. Each crew = 1 captain + 2 bridge. No repeats across crews.
3. For each crew: explain WHY this captain (CM effect) and WHY each bridge (OA effect).

FOCUS: PvP crews when the player FLIES A BATTLESHIP.
Battleships have high hull/armor and strong weapons. Optimize for raw damage output, armor piercing through enemy defenses, and hull-based survivability.
Consider officers whose abilities scale with weapon damage or hull HP.

Respond with ONLY valid JSON. Use EXACTLY this format:
{"crews":[{"captain":"NAME","bridge":["NAME","NAME"],"reasoning":"why"}]}
CRITICAL: captain and bridge values must be plain strings (exact names from the list), NOT objects.
Example: {"crews":[{"captain":"Tuvok","bridge":["Yuki Sulu","Gorkon"],"reasoning":"explain why"}]}
IMPORTANT: You may ONLY use names from the officer list provided. Do NOT invent names.

--- CURRENT META KNOWLEDGE (from game experts) ---
Battleship crews focus on armor mitigation and maximizing shot volume to crush Explores and Stations.
--- END META KNOWLEDGE ---
Use the meta knowledge above to guide your crew choices. Prioritize synergies and captain choices that match the current meta.

--- USER PROMPT ---
Pick crews from ONLY these 13 officers:
- Tuvok (SCI R5)
- Yuki Sulu (ENG R5) [shield]
- Gorkon (CMD R5) [crit,applies:breach]
- LORCA (SCI R5) [applies:breach,benefits:breach]
- Damar (ENG R3) [crit,benefits:breach]
- Strike Team SNW Ortegas (ENG R3) [applies:burning]
- Worf (CMD R3) [mitigation]
- Alexander Marcus (CMD R3) [shield_pierce,shield,applies:morale]
- Carol Freeman (CMD R3) [extra_shots,isolytic,benefits:assimilate,benefits:breach,benefits:burning,benefits:morale]
- Gul Dukat (CMD R3) [applies:breach,benefits:breach]
- Mirror Picard (CMD R3) [apex_barrier,isolytic,benefits:assimilate]
- Weyoun (CMD R3) [extra_shots,applies:morale,benefits:morale]
- Mirror Kira (CMD R2) [mitigation,apex_barrier,benefits:assimilate]

Focus on: raw damage output, armor piercing, hull-based survivability.

IMPORTANT: The following officers are ALREADY ASSIGNED to locked crews. Do NOT use them in your recommendations:
- Alexander Marcus
- Carol Freeman
- Mirror Kira
- Mirror Picard
- Worf
- Yuki Sulu
Build complementary crews using ONLY the remaining officers.


Build 2-3 crews. Each crew = 1 captain + 2 bridge officers.
You may ONLY use names from the numbered list above. Do NOT use any other names.
Return JSON: {"crews":[{"captain":"NAME","bridge":["NAME","NAME"],"reasoning":"why"}]}

=== GROUP RESULT: PvP on Battleship ===
ok=1 error=''
crews parsed: 3
history_id: 1775445819-4944
response:
```json
{
  "crews": [
    {
      "captain": "LORCA",
      "bridge": ["Gorkon", "Damar"],
      "reasoning": "LORCA captain applies breach at battle start, then Gorkon bridge applies additional breach with crits while Damar bridge benefits from breach for massive crit damage. This creates a devastating breach chain that shreds enemy armor and delivers raw damage output perfect for battleships."
    },
    {
      "captain": "Gul Dukat",
      "bridge": ["Strike Team SNW Ortegas", "Weyoun"],
      "reasoning": "Gul Dukat captain applies breach at start and benefits from it throughout battle. Ortegas applies burning for additional damage over time, while Weyoun provides extra shots and morale synergy. This crew maximizes shot volume and sustained damage output ideal for battleship warfare."
    },
    {
      "captain": "Tuvok",
      "bridge": ["Strike Team SNW Ortegas", "Damar"],
      "reasoning": "Tuvok provides solid battleship captain foundation. Ortegas applies burning for consi

=== GROUP QUERY: PvP on Interceptor (12 officers) ===
sys_prompt length: 1787
user_prompt length: 1298
total prompt: 3085 chars
--- SYSTEM PROMPT ---
You are an expert STFC (Star Trek Fleet Command) crew advisor. This is a MOBILE GAME by Scopely.

CREW MECHANICS:
- 1 Captain (CM fires ONCE at battle start) + 2 Bridge (OA always active) + optional Below Decks (BDA passive).
- Synergy: officers in the same group ('g' field) get bonus stats together.
- State chains: one officer applies a state via CM, another benefits via OA. Very powerful.

DATA FORMAT: n=name, rk=rank, g=group, cm=captain_maneuver, oa=officer_ability, bd=below_decks, t=tags

RULES:
1. ONLY use officer names from the provided list (these are OWNED officers).
2. Each crew = 1 captain + 2 bridge. No repeats across crews.
3. For each crew: explain WHY this captain (CM effect) and WHY each bridge (OA effect).

FOCUS: PvP crews when the player FLIES AN INTERCEPTOR.
Interceptors are fast with high crit chance but fragile. Optimize for devastating opening strikes, crit damage multipliers, and speed-based advantages.
Captain CM should aim to end fights quickly before the Interceptor takes too much damage.

Respond with ONLY valid JSON. Use EXACTLY this format:
{"crews":[{"captain":"NAME","bridge":["NAME","NAME"],"reasoning":"why"}]}
CRITICAL: captain and bridge values must be plain strings (exact names from the list), NOT objects.
Example: {"crews":[{"captain":"Spock","bridge":["Tuvok","Yuki Sulu"],"reasoning":"explain why"}]}
IMPORTANT: You may ONLY use names from the officer list provided. Do NOT invent names.

--- CURRENT META KNOWLEDGE (from game experts) ---
Interceptor crews lean into high-speed critical strikes and Isolytic Cascade to end fights before their lower health becomes a factor.
--- END META KNOWLEDGE ---
Use the meta knowledge above to guide your crew choices. Prioritize synergies and captain choices that match the current meta.

--- USER PROMPT ---
Pick crews from ONLY these 12 officers:
- Spock (SCI R5) [shield,stat_boost,benefits:morale]
- Tuvok (SCI R5)
- Yuki Sulu (ENG R5) [shield]
- Gorkon (CMD R5) [crit,applies:breach]
- James T. Kirk (CMD R5) [stat_boost,applies:morale,benefits:morale]
- LORCA (SCI R5) [applies:breach,benefits:breach]
- Damar (ENG R3) [crit,benefits:breach]
- Worf (CMD R3) [mitigation]
- Alexander Marcus (CMD R3) [shield_pierce,shield,applies:morale]
- Carol Freeman (CMD R3) [extra_shots,isolytic,benefits:assimilate,benefits:breach,benefits:burning,benefits:morale]
- Mirror Picard (CMD R3) [apex_barrier,isolytic,benefits:assimilate]
- Mirror Kira (CMD R2) [mitigation,apex_barrier,benefits:assimilate]

Focus on: devastating opening strikes, crit multipliers, speed advantages. End fights quickly.

IMPORTANT: The following officers are ALREADY ASSIGNED to locked crews. Do NOT use them in your recommendations:
- Alexander Marcus
- Carol Freeman
- Damar
- Gorkon
- LORCA
- Mirror Kira
- Mirror Picard
- Worf
- Yuki Sulu
Build complementary crews using ONLY the remaining officers.


Build 2-3 crews. Each crew = 1 captain + 2 bridge officers.
You may ONLY use names from the numbered list above. Do NOT use any other names.
Return JSON: {"crews":[{"captain":"NAME","bridge":["NAME","NAME"],"reasoning":"why"}]}

=== GROUP RESULT: PvP on Interceptor ===
ok=1 error=''
crews parsed: 1
history_id: 1775445824-1011
response:
```json
{"crews":[{"captain":"James T. Kirk","bridge":["Spock","Tuvok"],"reasoning":"Kirk as captain applies morale and benefits from it for stat boosts, creating a powerful opening strike. Spock provides shield protection and stat boosts while benefiting from Kirk's morale application. Tuvok adds Science synergy with Spock and provides additional tactical support. This crew maximizes the opening engagement damage while providing some survivability for the fragile Interceptor through Spock's shields and stat improvements."}]}
```

=== GROUP QUERY: PvP vs Explorer (13 officers) ===
sys_prompt length: 1784
user_prompt length: 1312
total prompt: 3096 chars
--- SYSTEM PROMPT ---
You are an expert STFC (Star Trek Fleet Command) crew advisor. This is a MOBILE GAME by Scopely.

CREW MECHANICS:
- 1 Captain (CM fires ONCE at battle start) + 2 Bridge (OA always active) + optional Below Decks (BDA passive).
- Synergy: officers in the same group ('g' field) get bonus stats together.
- State chains: one officer applies a state via CM, another benefits via OA. Very powerful.

DATA FORMAT: n=name, rk=rank, g=group, cm=captain_maneuver, oa=officer_ability, bd=below_decks, t=tags

RULES:
1. ONLY use officer names from the provided list (these are OWNED officers).
2. Each crew = 1 captain + 2 bridge. No repeats across crews.
3. For each crew: explain WHY this captain (CM effect) and WHY each bridge (OA effect).

FOCUS: PvP crews optimized for KILLING EXPLORERS.
Explorers have strong shields. Prioritize shield piercing, shield drain, and abilities that bypass or strip shields.
The triangle advantage: Interceptors beat Explorers, so consider crews that amplify the Interceptor advantage or negate Explorer shield strength.

Respond with ONLY valid JSON. Use EXACTLY this format:
{"crews":[{"captain":"NAME","bridge":["NAME","NAME"],"reasoning":"why"}]}
CRITICAL: captain and bridge values must be plain strings (exact names from the list), NOT objects.
Example: {"crews":[{"captain":"T'Pring","bridge":["Tuvok","Yuki Sulu"],"reasoning":"explain why"}]}
IMPORTANT: You may ONLY use names from the officer list provided. Do NOT invent names.

--- CURRENT META KNOWLEDGE (from game experts) ---
Countering Explorers requires Shield Piercing or Shield Stripping (Yuki) to expose their hull to Isolytic damage.
--- END META KNOWLEDGE ---
Use the meta knowledge above to guide your crew choices. Prioritize synergies and captain choices that match the current meta.

--- USER PROMPT ---
Pick crews from ONLY these 13 officers:
- T'Pring (CMD R5)
- Tuvok (SCI R5)
- Yuki Sulu (ENG R5) [shield]
- Gorkon (CMD R5) [crit,applies:breach]
- LORCA (SCI R5) [applies:breach,benefits:breach]
- Damar (ENG R3) [crit,benefits:breach]
- Worf (CMD R3) [mitigation]
- Alexander Marcus (CMD R3) [shield_pierce,shield,applies:morale]
- Carol Freeman (CMD R3) [extra_shots,isolytic,benefits:assimilate,benefits:breach,benefits:burning,benefits:morale]
- Gul Dukat (CMD R3) [applies:breach,benefits:breach]
- Mirror Picard (CMD R3) [apex_barrier,isolytic,benefits:assimilate]
- Weyoun (CMD R3) [extra_shots,applies:morale,benefits:morale]
- Mirror Kira (CMD R2) [mitigation,apex_barrier,benefits:assimilate]

Focus on: shield piercing, shield drain, bypass/strip shields.

IMPORTANT: The following officers are ALREADY ASSIGNED to locked crews. Do NOT use them in your recommendations:
- Alexander Marcus
- Carol Freeman
- Damar
- Gorkon
- James T. Kirk
- LORCA
- Mirror Kira
- Mirror Picard
- Spock
- Tuvok
- Worf
- Yuki Sulu
Build complementary crews using ONLY the remaining officers.


Build 2-3 crews. Each crew = 1 captain + 2 bridge officers.
You may ONLY use names from the numbered list above. Do NOT use any other names.
Return JSON: {"crews":[{"captain":"NAME","bridge":["NAME","NAME"],"reasoning":"why"}]}

=== GROUP RESULT: PvP vs Explorer ===
ok=1 error=''
crews parsed: 1
history_id: 1775445829-1440
response:
Looking at the remaining officers after exclusions:
- T'Pring (CMD R5)
- Gul Dukat (CMD R3) [applies:breach,benefits:breach]
- Weyoun (CMD R3) [extra_shots,applies:morale,benefits:morale]

With only 3 officers remaining, I can only build 1 crew:

```json
{"crews":[{"captain":"T'Pring","bridge":["Gul Dukat","Weyoun"],"reasoning":"T'Pring as captain provides her CM effect at battle start. Gul Dukat on bridge applies breach state with his OA, which is crucial for penetrating Explorer shields since breach reduces defensive capabilities. Weyoun provides extra shots and morale synergy with his OA, giving sustained damage output needed against tanky Explorers. This crew focuses on state application (breach) to weaken Explorer defenses combined with increased firing rate."}]}
```

=== GROUP QUERY: PvP vs Battleship (12 officers) ===
sys_prompt length: 1768
user_prompt length: 1333
total prompt: 3101 chars
--- SYSTEM PROMPT ---
You are an expert STFC (Star Trek Fleet Command) crew advisor. This is a MOBILE GAME by Scopely.

CREW MECHANICS:
- 1 Captain (CM fires ONCE at battle start) + 2 Bridge (OA always active) + optional Below Decks (BDA passive).
- Synergy: officers in the same group ('g' field) get bonus stats together.
- State chains: one officer applies a state via CM, another benefits via OA. Very powerful.

DATA FORMAT: n=name, rk=rank, g=group, cm=captain_maneuver, oa=officer_ability, bd=below_decks, t=tags

RULES:
1. ONLY use officer names from the provided list (these are OWNED officers).
2. Each crew = 1 captain + 2 bridge. No repeats across crews.
3. For each crew: explain WHY this captain (CM effect) and WHY each bridge (OA effect).

FOCUS: PvP crews optimized for KILLING BATTLESHIPS.
Battleships have heavy armor/hull. Prioritize armor piercing, hull damage, and abilities that reduce armor effectiveness.
The triangle advantage: Explorers beat Battleships, so consider crews that amplify Explorer advantages or bypass Battleship armor.

Respond with ONLY valid JSON. Use EXACTLY this format:
{"crews":[{"captain":"NAME","bridge":["NAME","NAME"],"reasoning":"why"}]}
CRITICAL: captain and bridge values must be plain strings (exact names from the list), NOT objects.
Example: {"crews":[{"captain":"Spock","bridge":["Tuvok","Yuki Sulu"],"reasoning":"explain why"}]}
IMPORTANT: You may ONLY use names from the officer list provided. Do NOT invent names.

--- CURRENT META KNOWLEDGE (from game experts) ---
To kill Battleships, you must apply Hull Breach and high Armor Piercing to negate their massive mitigation.
--- END META KNOWLEDGE ---
Use the meta knowledge above to guide your crew choices. Prioritize synergies and captain choices that match the current meta.

--- USER PROMPT ---
Pick crews from ONLY these 12 officers:
- Spock (SCI R5) [shield,stat_boost,benefits:morale]
- Tuvok (SCI R5)
- Yuki Sulu (ENG R5) [shield]
- Gorkon (CMD R5) [crit,applies:breach]
- LORCA (SCI R5) [applies:breach,benefits:breach]
- Damar (ENG R3) [crit,benefits:breach]
- Worf (CMD R3) [mitigation]
- Alexander Marcus (CMD R3) [shield_pierce,shield,applies:morale]
- Carol Freeman (CMD R3) [extra_shots,isolytic,benefits:assimilate,benefits:breach,benefits:burning,benefits:morale]
- Gul Dukat (CMD R3) [applies:breach,benefits:breach]
- Mirror Picard (CMD R3) [apex_barrier,isolytic,benefits:assimilate]
- Mirror Kira (CMD R2) [mitigation,apex_barrier,benefits:assimilate]

Focus on: armor piercing, hull damage, abilities that reduce armor effectiveness.

IMPORTANT: The following officers are ALREADY ASSIGNED to locked crews. Do NOT use them in your recommendations:
- Alexander Marcus
- Carol Freeman
- Damar
- Gorkon
- Gul Dukat
- James T. Kirk
- LORCA
- Mirror Kira
- Mirror Picard
- Spock
- T'Pring
- Tuvok
- Weyoun
- Worf
- Yuki Sulu
Build complementary crews using ONLY the remaining officers.


Build 2-3 crews. Each crew = 1 captain + 2 bridge officers.
You may ONLY use names from the numbered list above. Do NOT use any other names.
Return JSON: {"crews":[{"captain":"NAME","bridge":["NAME","NAME"],"reasoning":"why"}]}

=== GROUP RESULT: PvP vs Battleship ===
ok=1 error=''
crews parsed: 1
history_id: 1775445836-9007
response:
I notice there's a contradiction in your request. You've provided a list of 12 officers but then stated that ALL of those officers (including some not on the original list) are already assigned to locked crews and cannot be used.

Looking at your original list of 12 officers:
- Spock, Tuvok, Yuki Sulu, Gorkon, LORCA, Damar, Worf, Alexander Marcus, Carol Freeman, Gul Dukat, Mirror Picard, Mirror Kira

And your "already assigned" list includes all of these officers plus some additional ones not in the original 12.

Since all officers from your provided list are marked as already assigned, there are no remaining officers available to build new crews from.

Could you please clarify which officers are actually available for use? I need at least 3 officers (1 captain + 2 bridge) to build even one crew.

```json
{"crews":[]}
```

=== GROUP QUERY: PvP vs Interceptor (11 officers) ===
sys_prompt length: 1856
user_prompt length: 1355
total prompt: 3211 chars
--- SYSTEM PROMPT ---
You are an expert STFC (Star Trek Fleet Command) crew advisor. This is a MOBILE GAME by Scopely.

CREW MECHANICS:
- 1 Captain (CM fires ONCE at battle start) + 2 Bridge (OA always active) + optional Below Decks (BDA passive).
- Synergy: officers in the same group ('g' field) get bonus stats together.
- State chains: one officer applies a state via CM, another benefits via OA. Very powerful.

DATA FORMAT: n=name, rk=rank, g=group, cm=captain_maneuver, oa=officer_ability, bd=below_decks, t=tags

RULES:
1. ONLY use officer names from the provided list (these are OWNED officers).
2. Each crew = 1 captain + 2 bridge. No repeats across crews.
3. For each crew: explain WHY this captain (CM effect) and WHY each bridge (OA effect).

FOCUS: PvP crews optimized for KILLING INTERCEPTORS.
Interceptors are fast and crit-heavy but fragile. Prioritize damage mitigation against crits, accuracy to hit fast targets, and front-loaded damage to destroy them quickly.
The triangle advantage: Battleships beat Interceptors, so consider crews that amplify Battleship firepower or reduce incoming crit damage.

Respond with ONLY valid JSON. Use EXACTLY this format:
{"crews":[{"captain":"NAME","bridge":["NAME","NAME"],"reasoning":"why"}]}
CRITICAL: captain and bridge values must be plain strings (exact names from the list), NOT objects.
Example: {"crews":[{"captain":"Tuvok","bridge":["Gorkon","James T. Kirk"],"reasoning":"explain why"}]}
IMPORTANT: You may ONLY use names from the officer list provided. Do NOT invent names.

--- CURRENT META KNOWLEDGE (from game experts) ---
Defeating Interceptors requires high Accuracy to overcome Dodge and Apex Barriers to survive their initial critical hit onslaught.
--- END META KNOWLEDGE ---
Use the meta knowledge above to guide your crew choices. Prioritize synergies and captain choices that match the current meta.

--- USER PROMPT ---
Pick crews from ONLY these 11 officers:
- Tuvok (SCI R5)
- Gorkon (CMD R5) [crit,applies:breach]
- James T. Kirk (CMD R5) [stat_boost,applies:morale,benefits:morale]
- LORCA (SCI R5) [applies:breach,benefits:breach]
- Worf (CMD R3) [mitigation]
- Alexander Marcus (CMD R3) [shield_pierce,shield,applies:morale]
- Carol Freeman (CMD R3) [extra_shots,isolytic,benefits:assimilate,benefits:breach,benefits:burning,benefits:morale]
- Gul Dukat (CMD R3) [applies:breach,benefits:breach]
- Mirror Picard (CMD R3) [apex_barrier,isolytic,benefits:assimilate]
- Weyoun (CMD R3) [extra_shots,applies:morale,benefits:morale]
- Mirror Kira (CMD R2) [mitigation,apex_barrier,benefits:assimilate]

Focus on: anti-crit, accuracy vs fast targets, front-loaded damage to destroy them quickly.

IMPORTANT: The following officers are ALREADY ASSIGNED to locked crews. Do NOT use them in your recommendations:
- 
- Alexander Marcus
- Carol Freeman
- Damar
- Gorkon
- Gul Dukat
- James T. Kirk
- LORCA
- Mirror Kira
- Mirror Picard
- Spock
- T'Pring
- Tuvok
- Weyoun
- Worf
- Yuki Sulu
Build complementary crews using ONLY the remaining officers.


Build 2-3 crews. Each crew = 1 captain + 2 bridge officers.
You may ONLY use names from the numbered list above. Do NOT use any other names.
Return JSON: {"crews":[{"captain":"NAME","bridge":["NAME","NAME"],"reasoning":"why"}]}

=== GROUP RESULT: PvP vs Interceptor ===
ok=1 error=''
crews parsed: 1
history_id: 1775445840-5066
response:
Looking at the provided list, I notice that ALL 11 officers are listed as "ALREADY ASSIGNED to locked crews" in the constraints section. This means there are no remaining officers available to build new crews from.

The officers provided are:
- Tuvok, Gorkon, James T. Kirk, LORCA, Worf, Alexander Marcus, Carol Freeman, Gul Dukat, Mirror Picard, Weyoun, Mirror Kira

But the constraint states all of these (plus others) are already assigned and cannot be used.

Since there are no available officers remaining from the provided list, I cannot build any crews.

```json
{"crews":[]}
```

=== GROUP QUERY: PvE General (16 officers) ===
sys_prompt length: 1845
user_prompt length: 1434
total prompt: 3279 chars
--- SYSTEM PROMPT ---
You are an expert STFC (Star Trek Fleet Command) crew advisor. This is a MOBILE GAME by Scopely.

CREW MECHANICS:
- 1 Captain (CM fires ONCE at battle start) + 2 Bridge (OA always active) + optional Below Decks (BDA passive).
- Synergy: officers in the same group ('g' field) get bonus stats together.
- State chains: one officer applies a state via CM, another benefits via OA. Very powerful.

DATA FORMAT: n=name, rk=rank, g=group, cm=captain_maneuver, oa=officer_ability, bd=below_decks, t=tags

RULES:
1. ONLY use officer names from the provided list (these are OWNED officers).
2. Each crew = 1 captain + 2 bridge. No repeats across crews.
3. For each crew: explain WHY this captain (CM effect) and WHY each bridge (OA effect).

FOCUS: PvE HOSTILE GRINDING crews for daily swarm grinding, general hostiles.
Prioritize sustained damage, survivability, crit damage, extra shots.
Hull repair/shield regen keep you grinding longer without going home to repair.
Captain CM should be a big damage opener. Bridge OA should sustain DPS.

Respond with ONLY valid JSON. Use EXACTLY this format:
{"crews":[{"captain":"NAME","bridge":["NAME","NAME"],"reasoning":"why"}]}
CRITICAL: captain and bridge values must be plain strings (exact names from the list), NOT objects.
Example: {"crews":[{"captain":"Grace Chen","bridge":["Hugh Culber","B'Elanna Torres"],"reasoning":"explain why"}]}
IMPORTANT: You may ONLY use names from the officer list provided. Do NOT invent names.

--- CURRENT META KNOWLEDGE (from game experts) ---
General PvE revolves around mitigation scaling for low-level dailies (Pike/Moreau) and Isolytic damage/critical ramping (Janeway/Suder) for high-level G5/G6 power grinding.
--- END META KNOWLEDGE ---
Use the meta knowledge above to guide your crew choices. Prioritize synergies and captain choices that match the current meta.

--- USER PROMPT ---
Pick crews from ONLY these 16 officers:
- Grace Chen (SCI R5) [shield,mitigation]
- Hugh Culber (SCI R5) [mitigation]
- B'Elanna Torres (ENG R5) [shield_pierce,armor_pierce,shield,mitigation,extra_shots,applies:breach]
- Marlena Moreau (SCI R5) [shield_pierce,armor_pierce,shield,mitigation]
- Nyota Uhura (ENG R5) [shield]
- SNW Erica Ortegas (SCI R5) [crit,shield,mitigation]
- Seven of Eleven (SCI R5) [extra_shots,stat_boost]
- Spock (SCI R5) [shield,stat_boost,benefits:morale]
- Five of Eleven (ENG R5) [shield,mitigation]
- T'Laan (SCI R5)
- Christopher Pike (CMD R4)
- Kathryn Janeway (CMD R4) [shield,mitigation,extra_shots]
- The Doctor (SCI R4) [shield,mitigation,extra_shots]
- Enterprise-E Picard (CMD R3) [isolytic]
- Suder (ENG R2)
- Seska (SCI R2) [shield]

Focus on: sustained damage, survivability, crit, extra shots, hull/shield regen.

IMPORTANT: The following officers are ALREADY ASSIGNED to locked crews. Do NOT use them in your recommendations:
- 
- Alexander Marcus
- Carol Freeman
- Damar
- Gorkon
- Gul Dukat
- James T. Kirk
- LORCA
- Mirror Kira
- Mirror Picard
- Spock
- T'Pring
- Tuvok
- Weyoun
- Worf
- Yuki Sulu
Build complementary crews using ONLY the remaining officers.


Build 2-3 crews. Each crew = 1 captain + 2 bridge officers.
You may ONLY use names from the numbered list above. Do NOT use any other names.
Return JSON: {"crews":[{"captain":"NAME","bridge":["NAME","NAME"],"reasoning":"why"}]}

=== GROUP RESULT: PvE General ===
ok=1 error=''
crews parsed: 3
history_id: 1775445847-9477
response:
```json
{
  "crews": [
    {
      "captain": "Kathryn Janeway",
      "bridge": ["Suder", "Enterprise-E Picard"],
      "reasoning": "Meta Isolytic damage crew. Janeway's CM provides strong opening damage with shield/mitigation benefits. Suder's OA synergizes with Janeway for Isolytic damage scaling. Enterprise-E Picard adds additional Isolytic damage potential. This crew excels at high-level G5/G6 hostile grinding with critical damage ramping."
    },
    {
      "captain": "Christopher Pike",
      "bridge": ["Marlena Moreau", "Grace Chen"],
      "reasoning": "Meta mitigation scaling crew for daily hostile grinding. Pike's CM provides excellent opening damage. Moreau's OA offers shield pierce and armor pierce with mitigation scaling - perfect for sustained grinding. Grace Chen adds shield and mitigation support for survivability during long grinding sessions."
    },
    {
      "captain": "B'Elanna Torres",
      "bridge": ["Seven of Eleven", "SNW Erica Ortegas"],
      "reasoning

=== GROUP QUERY: PvE Specialized (17 officers) ===
sys_prompt length: 2050
user_prompt length: 1483
total prompt: 3533 chars
--- SYSTEM PROMPT ---
You are an expert STFC (Star Trek Fleet Command) crew advisor. This is a MOBILE GAME by Scopely.

CREW MECHANICS:
- 1 Captain (CM fires ONCE at battle start) + 2 Bridge (OA always active) + optional Below Decks (BDA passive).
- Synergy: officers in the same group ('g' field) get bonus stats together.
- State chains: one officer applies a state via CM, another benefits via OA. Very powerful.

DATA FORMAT: n=name, rk=rank, g=group, cm=captain_maneuver, oa=officer_ability, bd=below_decks, t=tags

RULES:
1. ONLY use officer names from the provided list (these are OWNED officers).
2. Each crew = 1 captain + 2 bridge. No repeats across crews.
3. For each crew: explain WHY this captain (CM effect) and WHY each bridge (OA effect).

FOCUS: PvE SPECIALIZED HOSTILE crews — borg, eclipse, gorn, xindi, silent enemy, 8472.
Each hostile type has specific mechanics. Match officers to the hostile type:
- vs_borg: borg-specific abilities, assimilation defense
- vs_eclipse: eclipse armada and hostile specialists
- vs_gorn: gorn-specific combat abilities
- vs_xindi: xindi engagement specialists
- vs_silent: silent enemy combat abilities
- vs_8472: species 8472 specialists
Build specialized crews per hostile type where possible.

Respond with ONLY valid JSON. Use EXACTLY this format:
{"crews":[{"captain":"NAME","bridge":["NAME","NAME"],"reasoning":"why"}]}
CRITICAL: captain and bridge values must be plain strings (exact names from the list), NOT objects.
Example: {"crews":[{"captain":"Hugh Culber","bridge":["Severus","Decius"],"reasoning":"explain why"}]}
IMPORTANT: You may ONLY use names from the officer list provided. Do NOT invent names.

--- CURRENT META KNOWLEDGE (from game experts) ---
Specialized PvE requires tailored mechanics: Xindi require shield-bypass mitigation (Archer), while Voyager/Gorn loops rely on Janeway’s Isolytic scaling and loot-multiplying bridge officers.
--- END META KNOWLEDGE ---
Use the meta knowledge above to guide your crew choices. Prioritize synergies and captain choices that match the current meta.

--- USER PROMPT ---
Pick crews from ONLY these 17 officers:
- Hugh Culber (SCI R5) [mitigation]
- Severus (ENG R5) [benefits:burning]
- Decius (SCI R5) [shield_pierce,armor_pierce,shield,mitigation]
- Tom Paris (ENG R5) [crit,extra_shots]
- Marlena Moreau (SCI R5) [shield_pierce,armor_pierce,shield,mitigation]
- Neelix (SCI R5) [applies:burning]
- Five of Eleven (ENG R5) [shield,mitigation]
- T'Laan (SCI R5)
- Frank Leslie (ENG R4)
- Liviana Charvanek (CMD R4) [armor_pierce,mitigation,applies:burning]
- The Doctor (SCI R4) [shield,mitigation,extra_shots]
- Christopher Pike (CMD R4)
- Kathryn Janeway (CMD R4) [shield,mitigation,extra_shots]
- Jonathan Archer (CMD R3) [crit,extra_shots]
- Enterprise-E Picard (CMD R3) [isolytic]
- Trip Tucker (ENG R3) [crit,extra_shots]
- Phlox (SCI R2) [crit]

Focus on: hostile-type-specific abilities. Build per-hostile-type crews.

IMPORTANT: The following officers are ALREADY ASSIGNED to locked crews. Do NOT use them in your recommendations:
- 
- Alexander Marcus
- Carol Freeman
- Damar
- Enterprise-E Picard
- Gorkon
- Gul Dukat
- James T. Kirk
- Kathryn Janeway
- LORCA
- Mirror Kira
- Mirror Picard
- Spock
- Suder
- T'Pring
- Tuvok
- Weyoun
- Worf
- Yuki Sulu
Build complementary crews using ONLY the remaining officers.


Build 2-3 crews. Each crew = 1 captain + 2 bridge officers.
You may ONLY use names from the numbered list above. Do NOT use any other names.
Return JSON: {"crews":[{"captain":"NAME","bridge":["NAME","NAME"],"reasoning":"why"}]}

=== GROUP RESULT: PvE Specialized ===
ok=1 error=''
crews parsed: 3
history_id: 1775445854-2109
response:
```json
{
  "crews": [
    {
      "captain": "Jonathan Archer",
      "bridge": ["Hugh Culber", "Five of Eleven"],
      "reasoning": "Archer captain for Xindi hostiles - his crit and extra shots help against Xindi shield mechanics. Hugh Culber provides mitigation for survivability, Five of Eleven adds shield and mitigation for defense against Xindi energy weapons."
    },
    {
      "captain": "Neelix",
      "bridge": ["Severus", "Liviana Charvanek"],
      "reasoning": "Burning synergy crew for general hostile combat. Neelix applies burning as captain, Severus benefits from burning state, Liviana Charvanek also applies burning and provides armor pierce/mitigation for sustained combat effectiveness."
    },
    {
      "captain": "The Doctor",
      "bridge": ["Decius", "Marlena Moreau"],
      "reasoning": "Shield-focused defensive crew with pierce capabilities. The Doctor provides shield/mitigation/extra shots as captain, Decius offers shield pierce and armor pierce with mitigati

=== GROUP QUERY: Base Attack (15 officers) ===
sys_prompt length: 1609
user_prompt length: 1550
total prompt: 3159 chars
--- SYSTEM PROMPT ---
You are an expert STFC (Star Trek Fleet Command) crew advisor. This is a MOBILE GAME by Scopely.

CREW MECHANICS:
- 1 Captain (CM fires ONCE at battle start) + 2 Bridge (OA always active) + optional Below Decks (BDA passive).
- Synergy: officers in the same group ('g' field) get bonus stats together.
- State chains: one officer applies a state via CM, another benefits via OA. Very powerful.

DATA FORMAT: n=name, rk=rank, g=group, cm=captain_maneuver, oa=officer_ability, bd=below_decks, t=tags

RULES:
1. ONLY use officer names from the provided list (these are OWNED officers).
2. Each crew = 1 captain + 2 bridge. No repeats across crews.
3. For each crew: explain WHY this captain (CM effect) and WHY each bridge (OA effect).

FOCUS: BASE ATTACK crews. Maximum burst damage, armor piercing. Short fights = overwhelming firepower.

Respond with ONLY valid JSON. Use EXACTLY this format:
{"crews":[{"captain":"NAME","bridge":["NAME","NAME"],"reasoning":"why"}]}
CRITICAL: captain and bridge values must be plain strings (exact names from the list), NOT objects.
Example: {"crews":[{"captain":"Tuvok","bridge":["Yuki Sulu","Gorkon"],"reasoning":"explain why"}]}
IMPORTANT: You may ONLY use names from the officer list provided. Do NOT invent names.

--- CURRENT META KNOWLEDGE (from game experts) ---
Base attacking relies on high shot counts to overwhelm station defenses and Isolytic damage to bypass the massive mitigation of high-level platforms.
--- END META KNOWLEDGE ---
Use the meta knowledge above to guide your crew choices. Prioritize synergies and captain choices that match the current meta.

--- USER PROMPT ---
Pick crews from ONLY these 15 officers:
- Tuvok (SCI R5)
- Yuki Sulu (ENG R5) [shield]
- Gorkon (CMD R5) [crit,applies:breach]
- Khan Noonien Singh (CMD R5) [crit,mitigation]
- LORCA (SCI R5) [applies:breach,benefits:breach]
- Damar (ENG R3) [crit,benefits:breach]
- Kira Nerys (CMD R3) [shield,mitigation]
- Worf (CMD R3) [mitigation]
- Alexander Marcus (CMD R3) [shield_pierce,shield,applies:morale]
- Carol Freeman (CMD R3) [extra_shots,isolytic,benefits:assimilate,benefits:breach,benefits:burning,benefits:morale]
- Gul Dukat (CMD R3) [applies:breach,benefits:breach]
- Mirror Picard (CMD R3) [apex_barrier,isolytic,benefits:assimilate]
- Weyoun (CMD R3) [extra_shots,applies:morale,benefits:morale]
- John Harrison (SCI R2) [shield]
- Mirror Kira (CMD R2) [mitigation,apex_barrier,benefits:assimilate]

Focus on: maximum burst damage, armor piercing, shield piercing.

IMPORTANT: The following officers are ALREADY ASSIGNED to locked crews. Do NOT use them in your recommendations:
- 
- Alexander Marcus
- Carol Freeman
- Damar
- Enterprise-E Picard
- Five of Eleven
- Gorkon
- Gul Dukat
- Hugh Culber
- James T. Kirk
- Jonathan Archer
- Kathryn Janeway
- LORCA
- Mirror Kira
- Mirror Picard
- Spock
- Suder
- T'Pring
- Tuvok
- Weyoun
- Worf
- Yuki Sulu
Build complementary crews using ONLY the remaining officers.


Build 2-3 crews. Each crew = 1 captain + 2 bridge officers.
You may ONLY use names from the numbered list above. Do NOT use any other names.
Return JSON: {"crews":[{"captain":"NAME","bridge":["NAME","NAME"],"reasoning":"why"}]}

=== GROUP RESULT: Base Attack ===
ok=1 error=''
crews parsed: 1
history_id: 1775445861-9287
response:
Looking at the officers provided and the locked assignments, I can see that ALL 15 officers listed are actually already assigned to locked crews based on your constraint list. 

However, if I must work with what's provided in the numbered list, I notice there's a discrepancy - some officers appear in both the available list and the locked list. Assuming the numbered list represents what's actually available, here are the crews:

```json
{"crews":[{"captain":"Khan Noonien Singh","bridge":["Kira Nerys","John Harrison"],"reasoning":"Khan as captain provides critical hit chance and mitigation reduction via CM. Kira Nerys on bridge offers shield and mitigation bonuses via OA for survivability. John Harrison provides shield bonuses via OA. This crew focuses on sustained damage output with defensive capabilities for base attacks."}]}
```

Note: Most of the high-synergy officers for base attacking (like LORCA, Gorkon, Carol Freeman with isolytic damage, and Tuvok) appear to already be locked i

=== GROUP QUERY: Base Defend (14 officers) ===
sys_prompt length: 1597
user_prompt length: 1582
total prompt: 3179 chars
--- SYSTEM PROMPT ---
You are an expert STFC (Star Trek Fleet Command) crew advisor. This is a MOBILE GAME by Scopely.

CREW MECHANICS:
- 1 Captain (CM fires ONCE at battle start) + 2 Bridge (OA always active) + optional Below Decks (BDA passive).
- Synergy: officers in the same group ('g' field) get bonus stats together.
- State chains: one officer applies a state via CM, another benefits via OA. Very powerful.

DATA FORMAT: n=name, rk=rank, g=group, cm=captain_maneuver, oa=officer_ability, bd=below_decks, t=tags

RULES:
1. ONLY use officer names from the provided list (these are OWNED officers).
2. Each crew = 1 captain + 2 bridge. No repeats across crews.
3. For each crew: explain WHY this captain (CM effect) and WHY each bridge (OA effect).

FOCUS: BASE DEFENSE crews. Damage mitigation, shields, repair, sustained defense.

Respond with ONLY valid JSON. Use EXACTLY this format:
{"crews":[{"captain":"NAME","bridge":["NAME","NAME"],"reasoning":"why"}]}
CRITICAL: captain and bridge values must be plain strings (exact names from the list), NOT objects.
Example: {"crews":[{"captain":"Nyota Uhura","bridge":["Spock","Tuvok"],"reasoning":"explain why"}]}
IMPORTANT: You may ONLY use names from the officer list provided. Do NOT invent names.

--- CURRENT META KNOWLEDGE (from game experts) ---
Station defense is currently defined by the Mirror Universe meta, prioritizing Apex Barriers and Isolytic mitigation to outlast the attacker's initial burst.
--- END META KNOWLEDGE ---
Use the meta knowledge above to guide your crew choices. Prioritize synergies and captain choices that match the current meta.

--- USER PROMPT ---
Pick crews from ONLY these 14 officers:
- Nyota Uhura (ENG R5) [shield]
- Spock (SCI R5) [shield,stat_boost,benefits:morale]
- Tuvok (SCI R5)
- Yuki Sulu (ENG R5) [shield]
- Gorkon (CMD R5) [crit,applies:breach]
- James T. Kirk (CMD R5) [stat_boost,applies:morale,benefits:morale]
- LORCA (SCI R5) [applies:breach,benefits:breach]
- Worf (CMD R3) [mitigation]
- Alexander Marcus (CMD R3) [shield_pierce,shield,applies:morale]
- Carol Freeman (CMD R3) [extra_shots,isolytic,benefits:assimilate,benefits:breach,benefits:burning,benefits:morale]
- Gul Dukat (CMD R3) [applies:breach,benefits:breach]
- Mirror Picard (CMD R3) [apex_barrier,isolytic,benefits:assimilate]
- Weyoun (CMD R3) [extra_shots,applies:morale,benefits:morale]
- Mirror Kira (CMD R2) [mitigation,apex_barrier,benefits:assimilate]

Focus on: damage mitigation, shield repair, hull repair.

IMPORTANT: The following officers are ALREADY ASSIGNED to locked crews. Do NOT use them in your recommendations:
- 
- Alexander Marcus
- Carol Freeman
- Damar
- Enterprise-E Picard
- Five of Eleven
- Gorkon
- Gul Dukat
- Hugh Culber
- James T. Kirk
- John Harrison
- Jonathan Archer
- Kathryn Janeway
- Khan Noonien Singh
- Kira Nerys
- LORCA
- Mirror Kira
- Mirror Picard
- Spock
- Suder
- T'Pring
- Tuvok
- Weyoun
- Worf
- Yuki Sulu
Build complementary crews using ONLY the remaining officers.


Build 2-3 crews. Each crew = 1 captain + 2 bridge officers.
You may ONLY use names from the numbered list above. Do NOT use any other names.
Return JSON: {"crews":[{"captain":"NAME","bridge":["NAME","NAME"],"reasoning":"why"}]}

=== GROUP RESULT: Base Defend ===
ok=1 error=''
crews parsed: 1
history_id: 1775445866-8933
response:
Looking at the officers provided and the locked assignments, I can see that ALL officers in the list are already assigned to locked crews. The locked list includes:

- Alexander Marcus ✓
- Carol Freeman ✓  
- Gorkon ✓
- Gul Dukat ✓
- James T. Kirk ✓
- LORCA ✓
- Mirror Kira ✓
- Mirror Picard ✓
- Nyota Uhura (not in locked list)
- Spock ✓
- Tuvok ✓
- Weyoun ✓
- Worf ✓
- Yuki Sulu ✓

Only Nyota Uhura appears to be available, but a single officer cannot form a complete crew (need 1 captain + 2 bridge = 3 officers minimum).

{"crews":[]}

=== GROUP QUERY: Armada (19 officers) ===
sys_prompt length: 1716
user_prompt length: 1726
total prompt: 3442 chars
--- SYSTEM PROMPT ---
You are an expert STFC (Star Trek Fleet Command) crew advisor. This is a MOBILE GAME by Scopely.

CREW MECHANICS:
- 1 Captain (CM fires ONCE at battle start) + 2 Bridge (OA always active) + optional Below Decks (BDA passive).
- Synergy: officers in the same group ('g' field) get bonus stats together.
- State chains: one officer applies a state via CM, another benefits via OA. Very powerful.

DATA FORMAT: n=name, rk=rank, g=group, cm=captain_maneuver, oa=officer_ability, bd=below_decks, t=tags

RULES:
1. ONLY use officer names from the provided list (these are OWNED officers).
2. Each crew = 1 captain + 2 bridge. No repeats across crews.
3. For each crew: explain WHY this captain (CM effect) and WHY each bridge (OA effect).

FOCUS: ARMADA crews. Officers tagged 'armada' get bonuses. Long fights = sustained DPS + survivability.
Note armada subtypes (eclipse, swarm, borg). NEVER use 'non_armada_only' officers.

Respond with ONLY valid JSON. Use EXACTLY this format:
{"crews":[{"captain":"NAME","bridge":["NAME","NAME"],"reasoning":"why"}]}
CRITICAL: captain and bridge values must be plain strings (exact names from the list), NOT objects.
Example: {"crews":[{"captain":"Hugh Culber","bridge":["Nine of Eleven","B'Elanna Torres"],"reasoning":"explain why"}]}
IMPORTANT: You may ONLY use names from the officer list provided. Do NOT invent names.

--- CURRENT META KNOWLEDGE (from game experts) ---
Armada crews focus on long-term scaling, critical hit consistency (Khan/Sela), and Isolytic damage to overcome the massive health pools of epic targets.
--- END META KNOWLEDGE ---
Use the meta knowledge above to guide your crew choices. Prioritize synergies and captain choices that match the current meta.

--- USER PROMPT ---
Pick crews from ONLY these 19 officers:
- Hugh Culber (SCI R5) [mitigation]
- Nine of Eleven (CMD R5) [crit,stat_boost]
- B'Elanna Torres (ENG R5) [shield_pierce,armor_pierce,shield,mitigation,extra_shots,applies:breach]
- Marlena Moreau (SCI R5) [shield_pierce,armor_pierce,shield,mitigation]
- Seven of Eleven (SCI R5) [extra_shots,stat_boost]
- Five of Eleven (ENG R5) [shield,mitigation]
- Gorkon (CMD R5) [crit,applies:breach]
- Khan Noonien Singh (CMD R5) [crit,mitigation]
- LORCA (SCI R5) [applies:breach,benefits:breach]
- Enterprise-E Troi (SCI R4) [shield,stat_boost]
- Christopher Pike (CMD R4)
- The Doctor (SCI R4) [shield,mitigation,extra_shots]
- Kathryn Janeway (CMD R4) [shield,mitigation,extra_shots]
- Six of Eleven (CMD R4) [shield]
- Beverly Crusher (SCI R3) [shield,mitigation,stat_boost]
- Sela (CMD R3) [crit]
- Enterprise-E Picard (CMD R3) [isolytic]
- William T. Riker (CMD R3)
- Suder (ENG R2)

Focus on: armada-tagged officers get bonuses. Sustained DPS + survivability.

IMPORTANT: The following officers are ALREADY ASSIGNED to locked crews. Do NOT use them in your recommendations:
- 
- Alexander Marcus
- Carol Freeman
- Damar
- Enterprise-E Picard
- Five of Eleven
- Gorkon
- Gul Dukat
- Hugh Culber
- James T. Kirk
- John Harrison
- Jonathan Archer
- Kathryn Janeway
- Khan Noonien Singh
- Kira Nerys
- LORCA
- Mirror Kira
- Mirror Picard
- Spock
- Suder
- T'Pring
- Tuvok
- Weyoun
- Worf
- Yuki Sulu
Build complementary crews using ONLY the remaining officers.


Build 2-3 crews. Each crew = 1 captain + 2 bridge officers.
You may ONLY use names from the numbered list above. Do NOT use any other names.
Return JSON: {"crews":[{"captain":"NAME","bridge":["NAME","NAME"],"reasoning":"why"}]}

=== GROUP RESULT: Armada ===
ok=1 error=''
crews parsed: 2
history_id: 1775445873-2862
response:
Looking at the remaining officers after excluding the locked ones, I have:
- Nine of Eleven (CMD R5) [crit,stat_boost]
- B'Elanna Torres (ENG R5) [shield_pierce,armor_pierce,shield,mitigation,extra_shots,applies:breach]
- Marlena Moreau (SCI R5) [shield_pierce,armor_pierce,shield,mitigation]
- Seven of Eleven (SCI R5) [extra_shots,stat_boost]
- Enterprise-E Troi (SCI R4) [shield,stat_boost]
- Christopher Pike (CMD R4)
- The Doctor (SCI R4) [shield,mitigation,extra_shots]
- Six of Eleven (CMD R4) [shield]
- Beverly Crusher (SCI R3) [shield,mitigation,stat_boost]
- Sela (CMD R3) [crit]
- William T. Riker (CMD R3)

```json
{"crews":[{"captain":"Nine of Eleven","bridge":["B'Elanna Torres","Seven of Eleven"],"reasoning":"Nine of Eleven captain provides critical hit consistency and stat boosts essential for armada meta. B'Elanna Torres offers shield/armor pierce plus breach application for sustained damage against high-health targets. Seven of Eleven adds extra shots and stat boosts for DPS 

=== GROUP QUERY: Loot & Cargo (16 officers) ===
sys_prompt length: 1622
user_prompt length: 1436
total prompt: 3058 chars
--- SYSTEM PROMPT ---
You are an expert STFC (Star Trek Fleet Command) crew advisor. This is a MOBILE GAME by Scopely.

CREW MECHANICS:
- 1 Captain (CM fires ONCE at battle start) + 2 Bridge (OA always active) + optional Below Decks (BDA passive).
- Synergy: officers in the same group ('g' field) get bonus stats together.
- State chains: one officer applies a state via CM, another benefits via OA. Very powerful.

DATA FORMAT: n=name, rk=rank, g=group, cm=captain_maneuver, oa=officer_ability, bd=below_decks, t=tags

RULES:
1. ONLY use officer names from the provided list (these are OWNED officers).
2. Each crew = 1 captain + 2 bridge. No repeats across crews.
3. For each crew: explain WHY this captain (CM effect) and WHY each bridge (OA effect).

FOCUS: LOOT & CARGO crews. Loot multipliers, cargo, rep boosts, XP boosts. Maximize farming rewards.

Respond with ONLY valid JSON. Use EXACTLY this format:
{"crews":[{"captain":"NAME","bridge":["NAME","NAME"],"reasoning":"why"}]}
CRITICAL: captain and bridge values must be plain strings (exact names from the list), NOT objects.
Example: {"crews":[{"captain":"Nine of Eleven","bridge":["Barot","Neelix"],"reasoning":"explain why"}]}
IMPORTANT: You may ONLY use names from the officer list provided. Do NOT invent names.

--- CURRENT META KNOWLEDGE (from game experts) ---
Loot meta centers on Five of Eleven for hostile grinding and Enterprise-E Data for state-based multipliers, while T'Pring remains the queen of protected cargo.
--- END META KNOWLEDGE ---
Use the meta knowledge above to guide your crew choices. Prioritize synergies and captain choices that match the current meta.

--- USER PROMPT ---
Pick crews from ONLY these 16 officers:
- Nine of Eleven (CMD R5) [crit,stat_boost]
- Barot (SCI R5)
- Neelix (SCI R5) [applies:burning]
- Seven of Eleven (SCI R5) [extra_shots,stat_boost]
- Stonn (ENG R5)
- T'Pring (CMD R5)
- Five of Eleven (ENG R5) [shield,mitigation]
- Ghrush (CMD R5)
- Helvia (CMD R5)
- Enterprise-E Troi (SCI R4) [shield,stat_boost]
- Four of Eleven (ENG R4)
- Kathryn Janeway (CMD R4) [shield,mitigation,extra_shots]
- Ten of Eleven (ENG R4)
- The Doctor (SCI R4) [shield,mitigation,extra_shots]
- Raphaël DuPont (CMD R3)
- Enterprise-E Picard (CMD R3) [isolytic]

Focus on: loot multipliers, cargo capacity, rep boosts, XP boosts.

IMPORTANT: The following officers are ALREADY ASSIGNED to locked crews. Do NOT use them in your recommendations:
- 
- Alexander Marcus
- B'Elanna Torres
- Carol Freeman
- Damar
- Enterprise-E Picard
- Five of Eleven
- Gorkon
- Gul Dukat
- Hugh Culber
- James T. Kirk
- John Harrison
- Jonathan Archer
- Kathryn Janeway
- Khan Noonien Singh
- Kira Nerys
- LORCA
- Mirror Kira
- Mirror Picard
- Nine of Eleven
- Seven of Eleven
- Spock
- Suder
- T'Pring
- Tuvok
- Weyoun
- Worf
- Yuki Sulu
Build complementary crews using ONLY the remaining officers.


Build 2-3 crews. Each crew = 1 captain + 2 bridge officers.
You may ONLY use names from the numbered list above. Do NOT use any other names.
Return JSON: {"crews":[{"captain":"NAME","bridge":["NAME","NAME"],"reasoning":"why"}]}

=== GROUP RESULT: Loot & Cargo ===
ok=1 error=''
crews parsed: 2
history_id: 1775445880-1494
response:
Looking at the available officers and the locked assignments, I have these remaining officers to work with:

Available: Barot, Neelix, Stonn, Ghrush, Helvia, Enterprise-E Troi, Four of Eleven, Ten of Eleven, The Doctor, Raphaël DuPont

Since the primary loot/cargo officers (Five of Eleven, T'Pring, Nine of Eleven, Seven of Eleven) are already locked, I'll build utility crews with the remaining officers:

```json
{"crews":[{"captain":"Ghrush","bridge":["Barot","Neelix"],"reasoning":"Ghrush captain provides solid baseline stats. Barot and Neelix bridge officers offer utility support - Neelix applies burning state which can be useful for certain farming scenarios, while Barot provides additional science officer benefits for balanced crew composition."},{"captain":"Helvia","bridge":["Enterprise-E Troi","The Doctor"],"reasoning":"Helvia as captain provides command officer leadership. Enterprise-E Troi offers shield and stat boost support, while The Doctor provides shield, mitigation and ex

=== GROUP QUERY: State Chain (16 officers) ===
sys_prompt length: 1756
user_prompt length: 1778
total prompt: 3534 chars
--- SYSTEM PROMPT ---
You are an expert STFC (Star Trek Fleet Command) crew advisor. This is a MOBILE GAME by Scopely.

CREW MECHANICS:
- 1 Captain (CM fires ONCE at battle start) + 2 Bridge (OA always active) + optional Below Decks (BDA passive).
- Synergy: officers in the same group ('g' field) get bonus stats together.
- State chains: one officer applies a state via CM, another benefits via OA. Very powerful.

DATA FORMAT: n=name, rk=rank, g=group, cm=captain_maneuver, oa=officer_ability, bd=below_decks, t=tags

RULES:
1. ONLY use officer names from the provided list (these are OWNED officers).
2. Each crew = 1 captain + 2 bridge. No repeats across crews.
3. For each crew: explain WHY this captain (CM effect) and WHY each bridge (OA effect).

FOCUS: STATE CHAIN crews. Match 'applies:X' with 'benefits:X' tags.
Captain CM should APPLY the state, bridge OA should BENEFIT from it.
States: burning, morale, breach, assimilate, isolytic. Chain combos are extremely powerful.

Respond with ONLY valid JSON. Use EXACTLY this format:
{"crews":[{"captain":"NAME","bridge":["NAME","NAME"],"reasoning":"why"}]}
CRITICAL: captain and bridge values must be plain strings (exact names from the list), NOT objects.
Example: {"crews":[{"captain":"Severus","bridge":["Decius","Marlena Moreau"],"reasoning":"explain why"}]}
IMPORTANT: You may ONLY use names from the officer list provided. Do NOT invent names.

--- CURRENT META KNOWLEDGE (from game experts) ---
State Chain crews rely on applying a specific status (Morale, Burning, or Breach) to unlock the secondary 'payoff' abilities of the bridge and below-deck officers.
--- END META KNOWLEDGE ---
Use the meta knowledge above to guide your crew choices. Prioritize synergies and captain choices that match the current meta.

--- USER PROMPT ---
Pick crews from ONLY these 16 officers:
- Severus (ENG R5) [benefits:burning]
- Decius (SCI R5) [shield_pierce,armor_pierce,shield,mitigation]
- Marlena Moreau (SCI R5) [shield_pierce,armor_pierce,shield,mitigation]
- Tuvok (SCI R5)
- Yuki Sulu (ENG R5) [shield]
- Gorkon (CMD R5) [crit,applies:breach]
- LORCA (SCI R5) [applies:breach,benefits:breach]
- Enterprise-E Troi (SCI R4) [shield,stat_boost]
- Christopher Pike (CMD R4)
- Liviana Charvanek (CMD R4) [armor_pierce,mitigation,applies:burning]
- Worf (CMD R3) [mitigation]
- Alexander Marcus (CMD R3) [shield_pierce,shield,applies:morale]
- Carol Freeman (CMD R3) [extra_shots,isolytic,benefits:assimilate,benefits:breach,benefits:burning,benefits:morale]
- Enterprise-E Picard (CMD R3) [isolytic]
- Mirror Picard (CMD R3) [apex_barrier,isolytic,benefits:assimilate]
- Mirror Kira (CMD R2) [mitigation,apex_barrier,benefits:assimilate]

Focus on: state application and benefit combos. Captain APPLY, bridge BENEFIT.

IMPORTANT: The following officers are ALREADY ASSIGNED to locked crews. Do NOT use them in your recommendations:
- 
- Alexander Marcus
- B'Elanna Torres
- Barot
- Carol Freeman
- Damar
- Enterprise-E Picard
- Five of Eleven
- Ghrush
- Gorkon
- Gul Dukat
- Hugh Culber
- James T. Kirk
- John Harrison
- Jonathan Archer
- Kathryn Janeway
- Khan Noonien Singh
- Kira Nerys
- LORCA
- Mirror Kira
- Mirror Picard
- Neelix
- Nine of Eleven
- Seven of Eleven
- Spock
- Suder
- T'Pring
- Tuvok
- Weyoun
- Worf
- Yuki Sulu
Build complementary crews using ONLY the remaining officers.


Build 2-3 crews. Each crew = 1 captain + 2 bridge officers.
You may ONLY use names from the numbered list above. Do NOT use any other names.
Return JSON: {"crews":[{"captain":"NAME","bridge":["NAME","NAME"],"reasoning":"why"}]}

=== GROUP RESULT: State Chain ===
ok=1 error=''
crews parsed: 1
history_id: 1775445885-1638
response:
Looking at the available officers and removing those already assigned, I have:

Available officers:
- Severus (ENG R5) [benefits:burning]
- Decius (SCI R5) [shield_pierce,armor_pierce,shield,mitigation]
- Marlena Moreau (SCI R5) [shield_pierce,armor_pierce,shield,mitigation]
- Enterprise-E Troi (SCI R4) [shield,stat_boost]
- Christopher Pike (CMD R4)
- Liviana Charvanek (CMD R4) [armor_pierce,mitigation,applies:burning]

I can build one strong state chain crew:

```json
{"crews":[{"captain":"Liviana Charvanek","bridge":["Severus","Decius"],"reasoning":"State chain crew: Liviana Charvanek captain applies burning status with her CM, Severus bridge benefits from burning with his OA for massive damage boost. Decius provides shield pierce, armor pierce and mitigation support. This creates a powerful burning state chain combo."}]}
```

=== GROUP QUERY: Apex & Isolytic (13 officers) ===
sys_prompt length: 1718
user_prompt length: 1641
total prompt: 3359 chars
--- SYSTEM PROMPT ---
You are an expert STFC (Star Trek Fleet Command) crew advisor. This is a MOBILE GAME by Scopely.

CREW MECHANICS:
- 1 Captain (CM fires ONCE at battle start) + 2 Bridge (OA always active) + optional Below Decks (BDA passive).
- Synergy: officers in the same group ('g' field) get bonus stats together.
- State chains: one officer applies a state via CM, another benefits via OA. Very powerful.

DATA FORMAT: n=name, rk=rank, g=group, cm=captain_maneuver, oa=officer_ability, bd=below_decks, t=tags

RULES:
1. ONLY use officer names from the provided list (these are OWNED officers).
2. Each crew = 1 captain + 2 bridge. No repeats across crews.
3. For each crew: explain WHY this captain (CM effect) and WHY each bridge (OA effect).

FOCUS: APEX & ISOLYTIC META crews. Rock-Paper-Scissors: apex_barrier absorbs damage, apex_shred strips barriers, isolytic_cascade bypasses defense, isolytic_defense reduces isolytic.
Knowing the counter matchup is critical.

Respond with ONLY valid JSON. Use EXACTLY this format:
{"crews":[{"captain":"NAME","bridge":["NAME","NAME"],"reasoning":"why"}]}
CRITICAL: captain and bridge values must be plain strings (exact names from the list), NOT objects.
Example: {"crews":[{"captain":"Tuvok","bridge":["Borg Queen","LORCA"],"reasoning":"explain why"}]}
IMPORTANT: You may ONLY use names from the officer list provided. Do NOT invent names.

--- CURRENT META KNOWLEDGE (from game experts) ---
The current high-end meta is a literal arms race between Carol Freeman's Isolytic Cascade offense and Mirror Data's Apex Barrier defense.
--- END META KNOWLEDGE ---
Use the meta knowledge above to guide your crew choices. Prioritize synergies and captain choices that match the current meta.

--- USER PROMPT ---
Pick crews from ONLY these 13 officers:
- Tuvok (SCI R5)
- Borg Queen (CMD R5) [crit,benefits:assimilate]
- LORCA (SCI R5) [applies:breach,benefits:breach]
- Enterprise-E Troi (SCI R4) [shield,stat_boost]
- Kira Nerys (CMD R3) [shield,mitigation]
- Worf (CMD R3) [mitigation]
- Alexander Marcus (CMD R3) [shield_pierce,shield,applies:morale]
- Carol Freeman (CMD R3) [extra_shots,isolytic,benefits:assimilate,benefits:breach,benefits:burning,benefits:morale]
- Enterprise-E Picard (CMD R3) [isolytic]
- Gul Dukat (CMD R3) [applies:breach,benefits:breach]
- Mirror Picard (CMD R3) [apex_barrier,isolytic,benefits:assimilate]
- Weyoun (CMD R3) [extra_shots,applies:morale,benefits:morale]
- Mirror Kira (CMD R2) [mitigation,apex_barrier,benefits:assimilate]

Focus on: the Rock-Paper-Scissors META.

IMPORTANT: The following officers are ALREADY ASSIGNED to locked crews. Do NOT use them in your recommendations:
- 
- Alexander Marcus
- B'Elanna Torres
- Barot
- Carol Freeman
- Damar
- Decius
- Enterprise-E Picard
- Five of Eleven
- Ghrush
- Gorkon
- Gul Dukat
- Hugh Culber
- James T. Kirk
- John Harrison
- Jonathan Archer
- Kathryn Janeway
- Khan Noonien Singh
- Kira Nerys
- LORCA
- Liviana Charvanek
- Mirror Kira
- Mirror Picard
- Neelix
- Nine of Eleven
- Seven of Eleven
- Severus
- Spock
- Suder
- T'Pring
- Tuvok
- Weyoun
- Worf
- Yuki Sulu
Build complementary crews using ONLY the remaining officers.


Build 2-3 crews. Each crew = 1 captain + 2 bridge officers.
You may ONLY use names from the numbered list above. Do NOT use any other names.
Return JSON: {"crews":[{"captain":"NAME","bridge":["NAME","NAME"],"reasoning":"why"}]}

=== GROUP RESULT: Apex & Isolytic ===
ok=1 error=''
crews parsed: 1
history_id: 1775445889-2057
response:
Looking at the officers provided and the locked assignments, I can see that ALL 13 officers listed are actually in the locked/assigned list. This means there are no remaining officers available to build crews from.

Since every officer from Tuvok through Mirror Kira appears in the "ALREADY ASSIGNED" list, I cannot recommend any crews as there are no available officers to work with.

```json
{"crews":[]}
```

=== GROUP QUERY: PvP General (13 officers) ===
sys_prompt length: 2407
user_prompt length: 1082
total prompt: 3489 chars
--- SYSTEM PROMPT ---
You are an expert STFC (Star Trek Fleet Command) crew advisor. This is a MOBILE GAME by Scopely.

CREW MECHANICS:
- 1 Captain (CM fires ONCE at battle start) + 2 Bridge (OA always active) + optional Below Decks (BDA passive).
- Synergy: officers in the same group ('g' field) get bonus stats together.
- State chains: one officer applies a state via CM, another benefits via OA. Very powerful.

DATA FORMAT: n=name, rk=rank, g=group, cm=captain_maneuver, oa=officer_ability, bd=below_decks, t=tags

RULES:
1. ONLY use officer names from the provided list (these are OWNED officers).
2. Each crew = 1 captain + 2 bridge. No repeats across crews.
3. For each crew: explain WHY this captain (CM effect) and WHY each bridge (OA effect).

FOCUS: UNIVERSAL PvP COMBAT crews. These should work well on ANY ship type.
Prioritize armor/shield piercing, crits, damage bursts, stat boosters.
Captain CM should deliver a powerful opening strike or critical debuff.

Respond with ONLY valid JSON. Use EXACTLY this format:
{"crews":[{"captain":"NAME","bridge":["NAME","NAME"],"reasoning":"why"}]}
CRITICAL: captain and bridge values must be plain strings (exact names from the list), NOT objects.
Example: {"crews":[{"captain":"T'Pring","bridge":["Tuvok","Yuki Sulu"],"reasoning":"explain why"}]}
IMPORTANT: You may ONLY use names from the officer list provided. Do NOT invent names.

--- CURRENT META KNOWLEDGE (from game experts) ---
The General PvP meta is dominated by Isolytic Damage and Apex Barriers, where victory is decided by who can bypass mitigation first.
--- END META KNOWLEDGE ---
Use the meta knowledge above to guide your crew choices. Prioritize synergies and captain choices that match the current meta.


PRIOR GOOD RESPONSES (the user rated these highly — use them as reference):
--- Response 1 ---
{
  "crews": [
    {
      "captain": "Mirror Picard",
      "bridge": [
        "Carol Freeman",
        "Mirror Kira"
      ],
      "reasoning": "This crew is built around the current PvP meta of Isolytic Damage and Apex Barriers. Mirror Picard as Captain delivers an opening strike of Isolytic Damage and applies Apex Barrier, directly countering enemy mitigation. Carol Freeman amplifies damage with additional Isolytic Damage and extra shots, significantly boosting the ship's offensive output....[truncated]
---
Build on what worked in these prior responses. Keep the same style and quality.

--- USER PROMPT ---
Pick crews from ONLY these 13 officers:
- T'Pring (CMD R5)
- Tuvok (SCI R5)
- Yuki Sulu (ENG R5) [shield]
- Gorkon (CMD R5) [crit,applies:breach]
- LORCA (SCI R5) [applies:breach,benefits:breach]
- Damar (ENG R3) [crit,benefits:breach]
- Worf (CMD R3) [mitigation]
- Alexander Marcus (CMD R3) [shield_pierce,shield,applies:morale]
- Carol Freeman (CMD R3) [extra_shots,isolytic,benefits:assimilate,benefits:breach,benefits:burning,benefits:morale]
- Gul Dukat (CMD R3) [applies:breach,benefits:breach]
- Mirror Picard (CMD R3) [apex_barrier,isolytic,benefits:assimilate]
- Weyoun (CMD R3) [extra_shots,applies:morale,benefits:morale]
- Mirror Kira (CMD R2) [mitigation,apex_barrier,benefits:assimilate]

Focus on: armor/shield piercing, critical hits, damage bursts, stat boosters. Captain CM should deliver a powerful opening strike or critical debuff.

Build 2-3 crews. Each crew = 1 captain + 2 bridge officers.
You may ONLY use names from the numbered list above. Do NOT use any other names.
Return JSON: {"crews":[{"captain":"NAME","bridge":["NAME","NAME"],"reasoning":"why"}]}

=== GROUP RESULT: PvP General ===
ok=1 error=''
crews parsed: 3
history_id: 1775446615-1435
response:
```json
{
  "crews": [
    {
      "captain": "Mirror Picard",
      "bridge": [
        "Carol Freeman",
        "Mirror Kira"
      ],
      "reasoning": "This crew dominates the current Isolytic/Apex Barrier meta. Mirror Picard's CM delivers opening Isolytic Damage that bypasses mitigation and applies Apex Barrier for defense. Carol Freeman's OA provides extra shots and additional Isolytic Damage while benefiting from breach/burning/morale states. Mirror Kira's OA adds more Apex Barrier protection and mitigation while benefiting from assimilate states, creating a well-rounded offensive/defensive powerhouse."
    },
    {
      "captain": "Gorkon",
      "bridge": [
        "LORCA",
        "Damar"
      ],
      "reasoning": "This is a devastating breach-focused crew. Gorkon's CM delivers critical opening strikes while applying breach to enemies. LORCA's OA both applies additional breach and massively benefits from existing breach states, creating exponential damage scaling. Damar's

=== GROUP QUERY: PvP on Explorer (12 officers) ===
sys_prompt length: 1757
user_prompt length: 996
total prompt: 2753 chars
--- SYSTEM PROMPT ---
You are an expert STFC (Star Trek Fleet Command) crew advisor. This is a MOBILE GAME by Scopely.

CREW MECHANICS:
- 1 Captain (CM fires ONCE at battle start) + 2 Bridge (OA always active) + optional Below Decks (BDA passive).
- Synergy: officers in the same group ('g' field) get bonus stats together.
- State chains: one officer applies a state via CM, another benefits via OA. Very powerful.

DATA FORMAT: n=name, rk=rank, g=group, cm=captain_maneuver, oa=officer_ability, bd=below_decks, t=tags

RULES:
1. ONLY use officer names from the provided list (these are OWNED officers).
2. Each crew = 1 captain + 2 bridge. No repeats across crews.
3. For each crew: explain WHY this captain (CM effect) and WHY each bridge (OA effect).

FOCUS: PvP crews when the player FLIES AN EXPLORER.
Explorers have strong shields and balanced stats. Optimize for shield synergy, sustained damage, and exploiting the Explorer's defensive strengths.
Consider officers whose abilities scale with shield stats or provide shield repair.

Respond with ONLY valid JSON. Use EXACTLY this format:
{"crews":[{"captain":"NAME","bridge":["NAME","NAME"],"reasoning":"why"}]}
CRITICAL: captain and bridge values must be plain strings (exact names from the list), NOT objects.
Example: {"crews":[{"captain":"Tuvok","bridge":["Yuki Sulu","Gorkon"],"reasoning":"explain why"}]}
IMPORTANT: You may ONLY use names from the officer list provided. Do NOT invent names.

--- CURRENT META KNOWLEDGE (from game experts) ---
Explorer crews prioritize Shield/Apex regeneration and Isolytic scaling to leverage their high natural health pools.
--- END META KNOWLEDGE ---
Use the meta knowledge above to guide your crew choices. Prioritize synergies and captain choices that match the current meta.

--- USER PROMPT ---
Pick crews from ONLY these 12 officers:
- Tuvok (SCI R5)
- Yuki Sulu (ENG R5) [shield]
- Gorkon (CMD R5) [crit,applies:breach]
- James T. Kirk (CMD R5) [stat_boost,applies:morale,benefits:morale]
- LORCA (SCI R5) [applies:breach,benefits:breach]
- Damar (ENG R3) [crit,benefits:breach]
- Worf (CMD R3) [mitigation]
- Alexander Marcus (CMD R3) [shield_pierce,shield,applies:morale]
- Carol Freeman (CMD R3) [extra_shots,isolytic,benefits:assimilate,benefits:breach,benefits:burning,benefits:morale]
- Mirror Picard (CMD R3) [apex_barrier,isolytic,benefits:assimilate]
- Jean-Luc Picard (CMD R2) [crit]
- Mirror Kira (CMD R2) [mitigation,apex_barrier,benefits:assimilate]

Focus on: shield synergy, sustained damage, shield repair. Exploit Explorer defensive strengths.

Build 2-3 crews. Each crew = 1 captain + 2 bridge officers.
You may ONLY use names from the numbered list above. Do NOT use any other names.
Return JSON: {"crews":[{"captain":"NAME","bridge":["NAME","NAME"],"reasoning":"why"}]}

=== GROUP RESULT: PvP on Explorer ===
ok=1 error=''
crews parsed: 3
history_id: 1775446621-2585
response:
```json
{
  "crews": [
    {
      "captain": "Alexander Marcus",
      "bridge": ["Yuki Sulu", "Mirror Picard"],
      "reasoning": "Alexander Marcus captain applies morale and has shield synergy. Yuki Sulu provides shield regeneration perfect for Explorer's defensive nature. Mirror Picard offers apex barrier protection and isolytic damage scaling with Explorer's high health pool."
    },
    {
      "captain": "Carol Freeman",
      "bridge": ["LORCA", "Damar"],
      "reasoning": "Carol Freeman captain provides extra shots and isolytic damage scaling. LORCA applies breach debuff while Carol Freeman benefits from breach states. Damar provides critical hits and also benefits from breach, creating a powerful breach state chain for sustained damage."
    },
    {
      "captain": "James T. Kirk",
      "bridge": ["Gorkon", "Worf"],
      "reasoning": "James T. Kirk captain applies morale and benefits from it for stat boosts. Gorkon applies breach debuff and provides critical damage. Wor

=== GROUP QUERY: PvP on Battleship (13 officers) ===
sys_prompt length: 1736
user_prompt length: 1037
total prompt: 2773 chars
--- SYSTEM PROMPT ---
You are an expert STFC (Star Trek Fleet Command) crew advisor. This is a MOBILE GAME by Scopely.

CREW MECHANICS:
- 1 Captain (CM fires ONCE at battle start) + 2 Bridge (OA always active) + optional Below Decks (BDA passive).
- Synergy: officers in the same group ('g' field) get bonus stats together.
- State chains: one officer applies a state via CM, another benefits via OA. Very powerful.

DATA FORMAT: n=name, rk=rank, g=group, cm=captain_maneuver, oa=officer_ability, bd=below_decks, t=tags

RULES:
1. ONLY use officer names from the provided list (these are OWNED officers).
2. Each crew = 1 captain + 2 bridge. No repeats across crews.
3. For each crew: explain WHY this captain (CM effect) and WHY each bridge (OA effect).

FOCUS: PvP crews when the player FLIES A BATTLESHIP.
Battleships have high hull/armor and strong weapons. Optimize for raw damage output, armor piercing through enemy defenses, and hull-based survivability.
Consider officers whose abilities scale with weapon damage or hull HP.

Respond with ONLY valid JSON. Use EXACTLY this format:
{"crews":[{"captain":"NAME","bridge":["NAME","NAME"],"reasoning":"why"}]}
CRITICAL: captain and bridge values must be plain strings (exact names from the list), NOT objects.
Example: {"crews":[{"captain":"Tuvok","bridge":["Yuki Sulu","Gorkon"],"reasoning":"explain why"}]}
IMPORTANT: You may ONLY use names from the officer list provided. Do NOT invent names.

--- CURRENT META KNOWLEDGE (from game experts) ---
Battleship crews focus on armor mitigation and maximizing shot volume to crush Explores and Stations.
--- END META KNOWLEDGE ---
Use the meta knowledge above to guide your crew choices. Prioritize synergies and captain choices that match the current meta.

--- USER PROMPT ---
Pick crews from ONLY these 13 officers:
- Tuvok (SCI R5)
- Yuki Sulu (ENG R5) [shield]
- Gorkon (CMD R5) [crit,applies:breach]
- LORCA (SCI R5) [applies:breach,benefits:breach]
- Damar (ENG R3) [crit,benefits:breach]
- Strike Team SNW Ortegas (ENG R3) [applies:burning]
- Worf (CMD R3) [mitigation]
- Alexander Marcus (CMD R3) [shield_pierce,shield,applies:morale]
- Carol Freeman (CMD R3) [extra_shots,isolytic,benefits:assimilate,benefits:breach,benefits:burning,benefits:morale]
- Gul Dukat (CMD R3) [applies:breach,benefits:breach]
- Mirror Picard (CMD R3) [apex_barrier,isolytic,benefits:assimilate]
- Weyoun (CMD R3) [extra_shots,applies:morale,benefits:morale]
- Mirror Kira (CMD R2) [mitigation,apex_barrier,benefits:assimilate]

Focus on: raw damage output, armor piercing, hull-based survivability.

Build 2-3 crews. Each crew = 1 captain + 2 bridge officers.
You may ONLY use names from the numbered list above. Do NOT use any other names.
Return JSON: {"crews":[{"captain":"NAME","bridge":["NAME","NAME"],"reasoning":"why"}]}

=== GROUP RESULT: PvP on Battleship ===
ok=1 error=''
crews parsed: 3
history_id: 1775446629-3508
response:
```json
{
  "crews": [
    {
      "captain": "Carol Freeman",
      "bridge": ["LORCA", "Gorkon"],
      "reasoning": "Freeman's CM provides extra shots for massive damage output. LORCA applies breach on hit, Gorkon applies breach on crit - both feed Freeman's OA which benefits from breach states for even more damage. This creates a devastating breach-focused damage chain perfect for battleship raw firepower."
    },
    {
      "captain": "Gul Dukat",
      "bridge": ["Damar", "Worf"],
      "reasoning": "Dukat's CM applies breach and his OA benefits from breach for sustained damage. Damar's OA provides crit chance and benefits from breach states for amplified damage. Worf provides mitigation for hull-based survivability, essential for battleship tanking while dealing damage."
    },
    {
      "captain": "Weyoun",
      "bridge": ["Alexander Marcus", "Mirror Picard"],
      "reasoning": "Weyoun's CM provides extra shots and applies morale, with OA benefiting from morale for sustain

=== GROUP QUERY: PvP on Interceptor (12 officers) ===
sys_prompt length: 1787
user_prompt length: 1013
total prompt: 2800 chars
--- SYSTEM PROMPT ---
You are an expert STFC (Star Trek Fleet Command) crew advisor. This is a MOBILE GAME by Scopely.

CREW MECHANICS:
- 1 Captain (CM fires ONCE at battle start) + 2 Bridge (OA always active) + optional Below Decks (BDA passive).
- Synergy: officers in the same group ('g' field) get bonus stats together.
- State chains: one officer applies a state via CM, another benefits via OA. Very powerful.

DATA FORMAT: n=name, rk=rank, g=group, cm=captain_maneuver, oa=officer_ability, bd=below_decks, t=tags

RULES:
1. ONLY use officer names from the provided list (these are OWNED officers).
2. Each crew = 1 captain + 2 bridge. No repeats across crews.
3. For each crew: explain WHY this captain (CM effect) and WHY each bridge (OA effect).

FOCUS: PvP crews when the player FLIES AN INTERCEPTOR.
Interceptors are fast with high crit chance but fragile. Optimize for devastating opening strikes, crit damage multipliers, and speed-based advantages.
Captain CM should aim to end fights quickly before the Interceptor takes too much damage.

Respond with ONLY valid JSON. Use EXACTLY this format:
{"crews":[{"captain":"NAME","bridge":["NAME","NAME"],"reasoning":"why"}]}
CRITICAL: captain and bridge values must be plain strings (exact names from the list), NOT objects.
Example: {"crews":[{"captain":"Spock","bridge":["Tuvok","Yuki Sulu"],"reasoning":"explain why"}]}
IMPORTANT: You may ONLY use names from the officer list provided. Do NOT invent names.

--- CURRENT META KNOWLEDGE (from game experts) ---
Interceptor crews lean into high-speed critical strikes and Isolytic Cascade to end fights before their lower health becomes a factor.
--- END META KNOWLEDGE ---
Use the meta knowledge above to guide your crew choices. Prioritize synergies and captain choices that match the current meta.

--- USER PROMPT ---
Pick crews from ONLY these 12 officers:
- Spock (SCI R5) [shield,stat_boost,benefits:morale]
- Tuvok (SCI R5)
- Yuki Sulu (ENG R5) [shield]
- Gorkon (CMD R5) [crit,applies:breach]
- James T. Kirk (CMD R5) [stat_boost,applies:morale,benefits:morale]
- LORCA (SCI R5) [applies:breach,benefits:breach]
- Damar (ENG R3) [crit,benefits:breach]
- Worf (CMD R3) [mitigation]
- Alexander Marcus (CMD R3) [shield_pierce,shield,applies:morale]
- Carol Freeman (CMD R3) [extra_shots,isolytic,benefits:assimilate,benefits:breach,benefits:burning,benefits:morale]
- Mirror Picard (CMD R3) [apex_barrier,isolytic,benefits:assimilate]
- Mirror Kira (CMD R2) [mitigation,apex_barrier,benefits:assimilate]

Focus on: devastating opening strikes, crit multipliers, speed advantages. End fights quickly.

Build 2-3 crews. Each crew = 1 captain + 2 bridge officers.
You may ONLY use names from the numbered list above. Do NOT use any other names.
Return JSON: {"crews":[{"captain":"NAME","bridge":["NAME","NAME"],"reasoning":"why"}]}

=== GROUP RESULT: PvP on Interceptor ===
ok=1 error=''
crews parsed: 3
history_id: 1775446636-5905
response:
```json
{
  "crews": [
    {
      "captain": "Gorkon",
      "bridge": ["LORCA", "Damar"],
      "reasoning": "Gorkon applies breach on captain maneuver, LORCA benefits from breach with officer ability for massive damage boost, and Damar gets crit bonuses while also benefiting from breach. This creates a devastating breach-focused alpha strike perfect for Interceptor's hit-and-run tactics."
    },
    {
      "captain": "Carol Freeman",
      "bridge": ["Mirror Picard", "Mirror Kira"],
      "reasoning": "Carol Freeman provides extra shots and isolytic damage on captain maneuver to maximize opening burst. Mirror Picard and Mirror Kira both have apex barrier for survivability and benefit from assimilate, creating a tanky isolytic crew that can survive longer engagements while dealing consistent damage."
    },
    {
      "captain": "James T. Kirk",
      "bridge": ["Spock", "Alexander Marcus"],
      "reasoning": "Kirk applies morale and benefits from it for stat boosts, Spock provide

=== GROUP QUERY: PvP vs Explorer (13 officers) ===
sys_prompt length: 1784
user_prompt length: 995
total prompt: 2779 chars
--- SYSTEM PROMPT ---
You are an expert STFC (Star Trek Fleet Command) crew advisor. This is a MOBILE GAME by Scopely.

CREW MECHANICS:
- 1 Captain (CM fires ONCE at battle start) + 2 Bridge (OA always active) + optional Below Decks (BDA passive).
- Synergy: officers in the same group ('g' field) get bonus stats together.
- State chains: one officer applies a state via CM, another benefits via OA. Very powerful.

DATA FORMAT: n=name, rk=rank, g=group, cm=captain_maneuver, oa=officer_ability, bd=below_decks, t=tags

RULES:
1. ONLY use officer names from the provided list (these are OWNED officers).
2. Each crew = 1 captain + 2 bridge. No repeats across crews.
3. For each crew: explain WHY this captain (CM effect) and WHY each bridge (OA effect).

FOCUS: PvP crews optimized for KILLING EXPLORERS.
Explorers have strong shields. Prioritize shield piercing, shield drain, and abilities that bypass or strip shields.
The triangle advantage: Interceptors beat Explorers, so consider crews that amplify the Interceptor advantage or negate Explorer shield strength.

Respond with ONLY valid JSON. Use EXACTLY this format:
{"crews":[{"captain":"NAME","bridge":["NAME","NAME"],"reasoning":"why"}]}
CRITICAL: captain and bridge values must be plain strings (exact names from the list), NOT objects.
Example: {"crews":[{"captain":"T'Pring","bridge":["Tuvok","Yuki Sulu"],"reasoning":"explain why"}]}
IMPORTANT: You may ONLY use names from the officer list provided. Do NOT invent names.

--- CURRENT META KNOWLEDGE (from game experts) ---
Countering Explorers requires Shield Piercing or Shield Stripping (Yuki) to expose their hull to Isolytic damage.
--- END META KNOWLEDGE ---
Use the meta knowledge above to guide your crew choices. Prioritize synergies and captain choices that match the current meta.

--- USER PROMPT ---
Pick crews from ONLY these 13 officers:
- T'Pring (CMD R5)
- Tuvok (SCI R5)
- Yuki Sulu (ENG R5) [shield]
- Gorkon (CMD R5) [crit,applies:breach]
- LORCA (SCI R5) [applies:breach,benefits:breach]
- Damar (ENG R3) [crit,benefits:breach]
- Worf (CMD R3) [mitigation]
- Alexander Marcus (CMD R3) [shield_pierce,shield,applies:morale]
- Carol Freeman (CMD R3) [extra_shots,isolytic,benefits:assimilate,benefits:breach,benefits:burning,benefits:morale]
- Gul Dukat (CMD R3) [applies:breach,benefits:breach]
- Mirror Picard (CMD R3) [apex_barrier,isolytic,benefits:assimilate]
- Weyoun (CMD R3) [extra_shots,applies:morale,benefits:morale]
- Mirror Kira (CMD R2) [mitigation,apex_barrier,benefits:assimilate]

Focus on: shield piercing, shield drain, bypass/strip shields.

Build 2-3 crews. Each crew = 1 captain + 2 bridge officers.
You may ONLY use names from the numbered list above. Do NOT use any other names.
Return JSON: {"crews":[{"captain":"NAME","bridge":["NAME","NAME"],"reasoning":"why"}]}

=== GROUP RESULT: PvP vs Explorer ===
ok=1 error=''
crews parsed: 3
history_id: 1775446642-4254
response:
```json
{
  "crews": [
    {
      "captain": "Alexander Marcus",
      "bridge": ["Yuki Sulu", "Carol Freeman"],
      "reasoning": "Alexander Marcus captain maneuver provides shield piercing to bypass Explorer shields. Yuki Sulu strips shields entirely, exposing hulls. Carol Freeman delivers isolytic damage and extra shots to finish weakened targets."
    },
    {
      "captain": "Gorkon",
      "bridge": ["LORCA", "Damar"],
      "reasoning": "Gorkon applies breach state at battle start. LORCA benefits from breach with increased damage. Damar also benefits from breach with critical hits, creating a powerful breach synergy chain to overwhelm Explorers."
    },
    {
      "captain": "Carol Freeman",
      "bridge": ["Gul Dukat", "Weyoun"],
      "reasoning": "Carol Freeman's isolytic damage bypasses shields while benefiting from multiple states. Gul Dukat applies breach for Freeman to benefit from. Weyoun applies morale which Freeman also benefits from, maximizing her damage output.

=== GROUP QUERY: PvP vs Battleship (12 officers) ===
sys_prompt length: 1768
user_prompt length: 985
total prompt: 2753 chars
--- SYSTEM PROMPT ---
You are an expert STFC (Star Trek Fleet Command) crew advisor. This is a MOBILE GAME by Scopely.

CREW MECHANICS:
- 1 Captain (CM fires ONCE at battle start) + 2 Bridge (OA always active) + optional Below Decks (BDA passive).
- Synergy: officers in the same group ('g' field) get bonus stats together.
- State chains: one officer applies a state via CM, another benefits via OA. Very powerful.

DATA FORMAT: n=name, rk=rank, g=group, cm=captain_maneuver, oa=officer_ability, bd=below_decks, t=tags

RULES:
1. ONLY use officer names from the provided list (these are OWNED officers).
2. Each crew = 1 captain + 2 bridge. No repeats across crews.
3. For each crew: explain WHY this captain (CM effect) and WHY each bridge (OA effect).

FOCUS: PvP crews optimized for KILLING BATTLESHIPS.
Battleships have heavy armor/hull. Prioritize armor piercing, hull damage, and abilities that reduce armor effectiveness.
The triangle advantage: Explorers beat Battleships, so consider crews that amplify Explorer advantages or bypass Battleship armor.

Respond with ONLY valid JSON. Use EXACTLY this format:
{"crews":[{"captain":"NAME","bridge":["NAME","NAME"],"reasoning":"why"}]}
CRITICAL: captain and bridge values must be plain strings (exact names from the list), NOT objects.
Example: {"crews":[{"captain":"Spock","bridge":["Tuvok","Yuki Sulu"],"reasoning":"explain why"}]}
IMPORTANT: You may ONLY use names from the officer list provided. Do NOT invent names.

--- CURRENT META KNOWLEDGE (from game experts) ---
To kill Battleships, you must apply Hull Breach and high Armor Piercing to negate their massive mitigation.
--- END META KNOWLEDGE ---
Use the meta knowledge above to guide your crew choices. Prioritize synergies and captain choices that match the current meta.

--- USER PROMPT ---
Pick crews from ONLY these 12 officers:
- Spock (SCI R5) [shield,stat_boost,benefits:morale]
- Tuvok (SCI R5)
- Yuki Sulu (ENG R5) [shield]
- Gorkon (CMD R5) [crit,applies:breach]
- LORCA (SCI R5) [applies:breach,benefits:breach]
- Damar (ENG R3) [crit,benefits:breach]
- Worf (CMD R3) [mitigation]
- Alexander Marcus (CMD R3) [shield_pierce,shield,applies:morale]
- Carol Freeman (CMD R3) [extra_shots,isolytic,benefits:assimilate,benefits:breach,benefits:burning,benefits:morale]
- Gul Dukat (CMD R3) [applies:breach,benefits:breach]
- Mirror Picard (CMD R3) [apex_barrier,isolytic,benefits:assimilate]
- Mirror Kira (CMD R2) [mitigation,apex_barrier,benefits:assimilate]

Focus on: armor piercing, hull damage, abilities that reduce armor effectiveness.

Build 2-3 crews. Each crew = 1 captain + 2 bridge officers.
You may ONLY use names from the numbered list above. Do NOT use any other names.
Return JSON: {"crews":[{"captain":"NAME","bridge":["NAME","NAME"],"reasoning":"why"}]}

=== GROUP RESULT: PvP vs Battleship ===
ok=1 error=''
crews parsed: 3
history_id: 1775446650-9364
response:
```json
{
  "crews": [
    {
      "captain": "LORCA",
      "bridge": ["Gorkon", "Damar"],
      "reasoning": "LORCA applies Hull Breach on captain maneuver, then both Gorkon (applies more breach) and Damar (benefits from breach with increased crit) create a devastating breach-focused synergy. This maximizes hull damage against heavily armored Battleships by stacking breach effects and critical damage."
    },
    {
      "captain": "Carol Freeman",
      "bridge": ["Gul Dukat", "Alexander Marcus"],
      "reasoning": "Carol Freeman's extra shots and isolytic damage combined with her ability to benefit from breach creates sustained damage output. Gul Dukat applies and benefits from breach for consistent hull damage, while Alexander Marcus provides shield piercing to bypass Battleship defenses and applies morale for Freeman to benefit from."
    },
    {
      "captain": "Gorkon",
      "bridge": ["Mirror Picard", "Spock"],
      "reasoning": "Gorkon applies Hull Breach on captain mane

=== GROUP QUERY: PvP vs Interceptor (11 officers) ===
sys_prompt length: 1856
user_prompt length: 1004
total prompt: 2860 chars
--- SYSTEM PROMPT ---
You are an expert STFC (Star Trek Fleet Command) crew advisor. This is a MOBILE GAME by Scopely.

CREW MECHANICS:
- 1 Captain (CM fires ONCE at battle start) + 2 Bridge (OA always active) + optional Below Decks (BDA passive).
- Synergy: officers in the same group ('g' field) get bonus stats together.
- State chains: one officer applies a state via CM, another benefits via OA. Very powerful.

DATA FORMAT: n=name, rk=rank, g=group, cm=captain_maneuver, oa=officer_ability, bd=below_decks, t=tags

RULES:
1. ONLY use officer names from the provided list (these are OWNED officers).
2. Each crew = 1 captain + 2 bridge. No repeats across crews.
3. For each crew: explain WHY this captain (CM effect) and WHY each bridge (OA effect).

FOCUS: PvP crews optimized for KILLING INTERCEPTORS.
Interceptors are fast and crit-heavy but fragile. Prioritize damage mitigation against crits, accuracy to hit fast targets, and front-loaded damage to destroy them quickly.
The triangle advantage: Battleships beat Interceptors, so consider crews that amplify Battleship firepower or reduce incoming crit damage.

Respond with ONLY valid JSON. Use EXACTLY this format:
{"crews":[{"captain":"NAME","bridge":["NAME","NAME"],"reasoning":"why"}]}
CRITICAL: captain and bridge values must be plain strings (exact names from the list), NOT objects.
Example: {"crews":[{"captain":"Tuvok","bridge":["Gorkon","James T. Kirk"],"reasoning":"explain why"}]}
IMPORTANT: You may ONLY use names from the officer list provided. Do NOT invent names.

--- CURRENT META KNOWLEDGE (from game experts) ---
Defeating Interceptors requires high Accuracy to overcome Dodge and Apex Barriers to survive their initial critical hit onslaught.
--- END META KNOWLEDGE ---
Use the meta knowledge above to guide your crew choices. Prioritize synergies and captain choices that match the current meta.

--- USER PROMPT ---
Pick crews from ONLY these 11 officers:
- Tuvok (SCI R5)
- Gorkon (CMD R5) [crit,applies:breach]
- James T. Kirk (CMD R5) [stat_boost,applies:morale,benefits:morale]
- LORCA (SCI R5) [applies:breach,benefits:breach]
- Worf (CMD R3) [mitigation]
- Alexander Marcus (CMD R3) [shield_pierce,shield,applies:morale]
- Carol Freeman (CMD R3) [extra_shots,isolytic,benefits:assimilate,benefits:breach,benefits:burning,benefits:morale]
- Gul Dukat (CMD R3) [applies:breach,benefits:breach]
- Mirror Picard (CMD R3) [apex_barrier,isolytic,benefits:assimilate]
- Weyoun (CMD R3) [extra_shots,applies:morale,benefits:morale]
- Mirror Kira (CMD R2) [mitigation,apex_barrier,benefits:assimilate]

Focus on: anti-crit, accuracy vs fast targets, front-loaded damage to destroy them quickly.

Build 2-3 crews. Each crew = 1 captain + 2 bridge officers.
You may ONLY use names from the numbered list above. Do NOT use any other names.
Return JSON: {"crews":[{"captain":"NAME","bridge":["NAME","NAME"],"reasoning":"why"}]}

=== GROUP RESULT: PvP vs Interceptor ===
ok=1 error=''
crews parsed: 3
history_id: 1775446659-2061
response:
```json
{
  "crews": [
    {
      "captain": "Mirror Picard",
      "bridge": ["LORCA", "Carol Freeman"],
      "reasoning": "Mirror Picard's apex barrier CM provides critical damage mitigation against Interceptor alpha strikes. LORCA applies breach which Carol Freeman benefits from for extra shots, creating a powerful damage chain. Freeman's isolytic damage ignores shields and her extra shots provide front-loaded burst damage to quickly eliminate fragile Interceptors."
    },
    {
      "captain": "Gorkon",
      "bridge": ["Gul Dukat", "James T. Kirk"],
      "reasoning": "Gorkon applies breach with his CM, which Gul Dukat benefits from with his OA for increased damage output. James T. Kirk applies morale and benefits from it, providing stat boosts. This crew focuses on maximizing damage through the breach synergy while Kirk's morale boost improves overall combat effectiveness against fast Interceptors."
    },
    {
      "captain": "Alexander Marcus",
      "bridge": ["Weyoun", "

=== GROUP QUERY: PvE General (16 officers) ===
sys_prompt length: 1845
user_prompt length: 1083
total prompt: 2928 chars
--- SYSTEM PROMPT ---
You are an expert STFC (Star Trek Fleet Command) crew advisor. This is a MOBILE GAME by Scopely.

CREW MECHANICS:
- 1 Captain (CM fires ONCE at battle start) + 2 Bridge (OA always active) + optional Below Decks (BDA passive).
- Synergy: officers in the same group ('g' field) get bonus stats together.
- State chains: one officer applies a state via CM, another benefits via OA. Very powerful.

DATA FORMAT: n=name, rk=rank, g=group, cm=captain_maneuver, oa=officer_ability, bd=below_decks, t=tags

RULES:
1. ONLY use officer names from the provided list (these are OWNED officers).
2. Each crew = 1 captain + 2 bridge. No repeats across crews.
3. For each crew: explain WHY this captain (CM effect) and WHY each bridge (OA effect).

FOCUS: PvE HOSTILE GRINDING crews for daily swarm grinding, general hostiles.
Prioritize sustained damage, survivability, crit damage, extra shots.
Hull repair/shield regen keep you grinding longer without going home to repair.
Captain CM should be a big damage opener. Bridge OA should sustain DPS.

Respond with ONLY valid JSON. Use EXACTLY this format:
{"crews":[{"captain":"NAME","bridge":["NAME","NAME"],"reasoning":"why"}]}
CRITICAL: captain and bridge values must be plain strings (exact names from the list), NOT objects.
Example: {"crews":[{"captain":"Grace Chen","bridge":["Hugh Culber","B'Elanna Torres"],"reasoning":"explain why"}]}
IMPORTANT: You may ONLY use names from the officer list provided. Do NOT invent names.

--- CURRENT META KNOWLEDGE (from game experts) ---
General PvE revolves around mitigation scaling for low-level dailies (Pike/Moreau) and Isolytic damage/critical ramping (Janeway/Suder) for high-level G5/G6 power grinding.
--- END META KNOWLEDGE ---
Use the meta knowledge above to guide your crew choices. Prioritize synergies and captain choices that match the current meta.

--- USER PROMPT ---
Pick crews from ONLY these 16 officers:
- Grace Chen (SCI R5) [shield,mitigation]
- Hugh Culber (SCI R5) [mitigation]
- B'Elanna Torres (ENG R5) [shield_pierce,armor_pierce,shield,mitigation,extra_shots,applies:breach]
- Marlena Moreau (SCI R5) [shield_pierce,armor_pierce,shield,mitigation]
- Nyota Uhura (ENG R5) [shield]
- SNW Erica Ortegas (SCI R5) [crit,shield,mitigation]
- Seven of Eleven (SCI R5) [extra_shots,stat_boost]
- Spock (SCI R5) [shield,stat_boost,benefits:morale]
- Five of Eleven (ENG R5) [shield,mitigation]
- T'Laan (SCI R5)
- Christopher Pike (CMD R4)
- Kathryn Janeway (CMD R4) [shield,mitigation,extra_shots]
- The Doctor (SCI R4) [shield,mitigation,extra_shots]
- Enterprise-E Picard (CMD R3) [isolytic]
- Suder (ENG R2)
- Seska (SCI R2) [shield]

Focus on: sustained damage, survivability, crit, extra shots, hull/shield regen.

Build 2-3 crews. Each crew = 1 captain + 2 bridge officers.
You may ONLY use names from the numbered list above. Do NOT use any other names.
Return JSON: {"crews":[{"captain":"NAME","bridge":["NAME","NAME"],"reasoning":"why"}]}

=== GROUP RESULT: PvE General ===
ok=1 error=''
crews parsed: 3
history_id: 1775446665-1592
response:
```json
{"crews":[{"captain":"Kathryn Janeway","bridge":["Suder","Enterprise-E Picard"],"reasoning":"Janeway captain provides extra shots and mitigation for sustained grinding. Suder bridge synergizes with isolytic damage scaling, while Enterprise-E Picard adds isolytic damage for high-level hostile grinding. This crew focuses on the current meta of isolytic damage ramping for G5/G6 power grinding."},{"captain":"Christopher Pike","bridge":["Marlena Moreau","Grace Chen"],"reasoning":"Pike captain provides strong opening damage for PvE hostiles. Marlena Moreau bridge offers shield/armor pierce plus mitigation for sustained combat, while Grace Chen adds shield regeneration and mitigation scaling. This crew follows the meta for low-level daily grinding with mitigation scaling."},{"captain":"B'Elanna Torres","bridge":["Seven of Eleven","SNW Erica Ortegas"],"reasoning":"Torres captain applies breach and provides extra shots for sustained DPS. Seven of Eleven bridge adds more extra shots and 

=== GROUP QUERY: PvE Specialized (17 officers) ===
sys_prompt length: 2050
user_prompt length: 1084
total prompt: 3134 chars
--- SYSTEM PROMPT ---
You are an expert STFC (Star Trek Fleet Command) crew advisor. This is a MOBILE GAME by Scopely.

CREW MECHANICS:
- 1 Captain (CM fires ONCE at battle start) + 2 Bridge (OA always active) + optional Below Decks (BDA passive).
- Synergy: officers in the same group ('g' field) get bonus stats together.
- State chains: one officer applies a state via CM, another benefits via OA. Very powerful.

DATA FORMAT: n=name, rk=rank, g=group, cm=captain_maneuver, oa=officer_ability, bd=below_decks, t=tags

RULES:
1. ONLY use officer names from the provided list (these are OWNED officers).
2. Each crew = 1 captain + 2 bridge. No repeats across crews.
3. For each crew: explain WHY this captain (CM effect) and WHY each bridge (OA effect).

FOCUS: PvE SPECIALIZED HOSTILE crews — borg, eclipse, gorn, xindi, silent enemy, 8472.
Each hostile type has specific mechanics. Match officers to the hostile type:
- vs_borg: borg-specific abilities, assimilation defense
- vs_eclipse: eclipse armada and hostile specialists
- vs_gorn: gorn-specific combat abilities
- vs_xindi: xindi engagement specialists
- vs_silent: silent enemy combat abilities
- vs_8472: species 8472 specialists
Build specialized crews per hostile type where possible.

Respond with ONLY valid JSON. Use EXACTLY this format:
{"crews":[{"captain":"NAME","bridge":["NAME","NAME"],"reasoning":"why"}]}
CRITICAL: captain and bridge values must be plain strings (exact names from the list), NOT objects.
Example: {"crews":[{"captain":"Hugh Culber","bridge":["Severus","Decius"],"reasoning":"explain why"}]}
IMPORTANT: You may ONLY use names from the officer list provided. Do NOT invent names.

--- CURRENT META KNOWLEDGE (from game experts) ---
Specialized PvE requires tailored mechanics: Xindi require shield-bypass mitigation (Archer), while Voyager/Gorn loops rely on Janeway’s Isolytic scaling and loot-multiplying bridge officers.
--- END META KNOWLEDGE ---
Use the meta knowledge above to guide your crew choices. Prioritize synergies and captain choices that match the current meta.

--- USER PROMPT ---
Pick crews from ONLY these 17 officers:
- Hugh Culber (SCI R5) [mitigation]
- Severus (ENG R5) [benefits:burning]
- Decius (SCI R5) [shield_pierce,armor_pierce,shield,mitigation]
- Tom Paris (ENG R5) [crit,extra_shots]
- Marlena Moreau (SCI R5) [shield_pierce,armor_pierce,shield,mitigation]
- Neelix (SCI R5) [applies:burning]
- Five of Eleven (ENG R5) [shield,mitigation]
- T'Laan (SCI R5)
- Frank Leslie (ENG R4)
- Liviana Charvanek (CMD R4) [armor_pierce,mitigation,applies:burning]
- The Doctor (SCI R4) [shield,mitigation,extra_shots]
- Christopher Pike (CMD R4)
- Kathryn Janeway (CMD R4) [shield,mitigation,extra_shots]
- Jonathan Archer (CMD R3) [crit,extra_shots]
- Enterprise-E Picard (CMD R3) [isolytic]
- Trip Tucker (ENG R3) [crit,extra_shots]
- Phlox (SCI R2) [crit]

Focus on: hostile-type-specific abilities. Build per-hostile-type crews.

Build 2-3 crews. Each crew = 1 captain + 2 bridge officers.
You may ONLY use names from the numbered list above. Do NOT use any other names.
Return JSON: {"crews":[{"captain":"NAME","bridge":["NAME","NAME"],"reasoning":"why"}]}

=== GROUP RESULT: PvE Specialized ===
ok=1 error=''
crews parsed: 3
history_id: 1775446672-7317
response:
```json
{
  "crews": [
    {
      "captain": "Jonathan Archer",
      "bridge": ["Hugh Culber", "Decius"],
      "reasoning": "vs_xindi: Archer's crit and extra shots are essential for Xindi hostiles which require high burst damage to overcome their shield mechanics. Hugh Culber provides critical mitigation for survivability, while Decius offers shield pierce and armor pierce to break through Xindi defenses."
    },
    {
      "captain": "Kathryn Janeway",
      "bridge": ["Five of Eleven", "The Doctor"],
      "reasoning": "vs_gorn: Janeway's shield, mitigation, and extra shots create the foundation for Gorn loops. Five of Eleven provides additional shield and mitigation for sustained combat, while The Doctor adds shield, mitigation, and extra shots - creating a defensive powerhouse that can survive Gorn's heavy damage output."
    },
    {
      "captain": "Enterprise-E Picard",
      "bridge": ["Marlena Moreau", "Tom Paris"],
      "reasoning": "vs_borg: Picard's isolytic damage i

=== GROUP QUERY: Base Attack (15 officers) ===
sys_prompt length: 1609
user_prompt length: 1102
total prompt: 2711 chars
--- SYSTEM PROMPT ---
You are an expert STFC (Star Trek Fleet Command) crew advisor. This is a MOBILE GAME by Scopely.

CREW MECHANICS:
- 1 Captain (CM fires ONCE at battle start) + 2 Bridge (OA always active) + optional Below Decks (BDA passive).
- Synergy: officers in the same group ('g' field) get bonus stats together.
- State chains: one officer applies a state via CM, another benefits via OA. Very powerful.

DATA FORMAT: n=name, rk=rank, g=group, cm=captain_maneuver, oa=officer_ability, bd=below_decks, t=tags

RULES:
1. ONLY use officer names from the provided list (these are OWNED officers).
2. Each crew = 1 captain + 2 bridge. No repeats across crews.
3. For each crew: explain WHY this captain (CM effect) and WHY each bridge (OA effect).

FOCUS: BASE ATTACK crews. Maximum burst damage, armor piercing. Short fights = overwhelming firepower.

Respond with ONLY valid JSON. Use EXACTLY this format:
{"crews":[{"captain":"NAME","bridge":["NAME","NAME"],"reasoning":"why"}]}
CRITICAL: captain and bridge values must be plain strings (exact names from the list), NOT objects.
Example: {"crews":[{"captain":"Tuvok","bridge":["Yuki Sulu","Gorkon"],"reasoning":"explain why"}]}
IMPORTANT: You may ONLY use names from the officer list provided. Do NOT invent names.

--- CURRENT META KNOWLEDGE (from game experts) ---
Base attacking relies on high shot counts to overwhelm station defenses and Isolytic damage to bypass the massive mitigation of high-level platforms.
--- END META KNOWLEDGE ---
Use the meta knowledge above to guide your crew choices. Prioritize synergies and captain choices that match the current meta.

--- USER PROMPT ---
Pick crews from ONLY these 15 officers:
- Tuvok (SCI R5)
- Yuki Sulu (ENG R5) [shield]
- Gorkon (CMD R5) [crit,applies:breach]
- Khan Noonien Singh (CMD R5) [crit,mitigation]
- LORCA (SCI R5) [applies:breach,benefits:breach]
- Damar (ENG R3) [crit,benefits:breach]
- Kira Nerys (CMD R3) [shield,mitigation]
- Worf (CMD R3) [mitigation]
- Alexander Marcus (CMD R3) [shield_pierce,shield,applies:morale]
- Carol Freeman (CMD R3) [extra_shots,isolytic,benefits:assimilate,benefits:breach,benefits:burning,benefits:morale]
- Gul Dukat (CMD R3) [applies:breach,benefits:breach]
- Mirror Picard (CMD R3) [apex_barrier,isolytic,benefits:assimilate]
- Weyoun (CMD R3) [extra_shots,applies:morale,benefits:morale]
- John Harrison (SCI R2) [shield]
- Mirror Kira (CMD R2) [mitigation,apex_barrier,benefits:assimilate]

Focus on: maximum burst damage, armor piercing, shield piercing.

Build 2-3 crews. Each crew = 1 captain + 2 bridge officers.
You may ONLY use names from the numbered list above. Do NOT use any other names.
Return JSON: {"crews":[{"captain":"NAME","bridge":["NAME","NAME"],"reasoning":"why"}]}

=== GROUP RESULT: Base Attack ===
ok=1 error=''
crews parsed: 3
history_id: 1775446678-5738
response:
```json
{
  "crews": [
    {
      "captain": "Carol Freeman",
      "bridge": ["LORCA", "Damar"],
      "reasoning": "Carol Freeman captain provides extra shots and isolytic damage for armor piercing, plus benefits from breach states. LORCA applies breach on CM and benefits from it on OA for massive damage amplification. Damar benefits from breach on OA for critical hit damage. This creates a powerful breach state chain with isolytic penetration."
    },
    {
      "captain": "Gorkon", 
      "bridge": ["Gul Dukat", "Mirror Picard"],
      "reasoning": "Gorkon captain applies breach on CM for immediate state setup. Gul Dukat applies and benefits from breach on OA for sustained damage amplification. Mirror Picard provides isolytic damage and apex barrier piercing for maximum penetration against heavily defended bases."
    },
    {
      "captain": "Weyoun",
      "bridge": ["Alexander Marcus", "Khan Noonien Singh"], 
      "reasoning": "Weyoun captain provides extra shots and applies

=== GROUP QUERY: Base Defend (14 officers) ===
sys_prompt length: 1597
user_prompt length: 1084
total prompt: 2681 chars
--- SYSTEM PROMPT ---
You are an expert STFC (Star Trek Fleet Command) crew advisor. This is a MOBILE GAME by Scopely.

CREW MECHANICS:
- 1 Captain (CM fires ONCE at battle start) + 2 Bridge (OA always active) + optional Below Decks (BDA passive).
- Synergy: officers in the same group ('g' field) get bonus stats together.
- State chains: one officer applies a state via CM, another benefits via OA. Very powerful.

DATA FORMAT: n=name, rk=rank, g=group, cm=captain_maneuver, oa=officer_ability, bd=below_decks, t=tags

RULES:
1. ONLY use officer names from the provided list (these are OWNED officers).
2. Each crew = 1 captain + 2 bridge. No repeats across crews.
3. For each crew: explain WHY this captain (CM effect) and WHY each bridge (OA effect).

FOCUS: BASE DEFENSE crews. Damage mitigation, shields, repair, sustained defense.

Respond with ONLY valid JSON. Use EXACTLY this format:
{"crews":[{"captain":"NAME","bridge":["NAME","NAME"],"reasoning":"why"}]}
CRITICAL: captain and bridge values must be plain strings (exact names from the list), NOT objects.
Example: {"crews":[{"captain":"Nyota Uhura","bridge":["Spock","Tuvok"],"reasoning":"explain why"}]}
IMPORTANT: You may ONLY use names from the officer list provided. Do NOT invent names.

--- CURRENT META KNOWLEDGE (from game experts) ---
Station defense is currently defined by the Mirror Universe meta, prioritizing Apex Barriers and Isolytic mitigation to outlast the attacker's initial burst.
--- END META KNOWLEDGE ---
Use the meta knowledge above to guide your crew choices. Prioritize synergies and captain choices that match the current meta.

--- USER PROMPT ---
Pick crews from ONLY these 14 officers:
- Nyota Uhura (ENG R5) [shield]
- Spock (SCI R5) [shield,stat_boost,benefits:morale]
- Tuvok (SCI R5)
- Yuki Sulu (ENG R5) [shield]
- Gorkon (CMD R5) [crit,applies:breach]
- James T. Kirk (CMD R5) [stat_boost,applies:morale,benefits:morale]
- LORCA (SCI R5) [applies:breach,benefits:breach]
- Worf (CMD R3) [mitigation]
- Alexander Marcus (CMD R3) [shield_pierce,shield,applies:morale]
- Carol Freeman (CMD R3) [extra_shots,isolytic,benefits:assimilate,benefits:breach,benefits:burning,benefits:morale]
- Gul Dukat (CMD R3) [applies:breach,benefits:breach]
- Mirror Picard (CMD R3) [apex_barrier,isolytic,benefits:assimilate]
- Weyoun (CMD R3) [extra_shots,applies:morale,benefits:morale]
- Mirror Kira (CMD R2) [mitigation,apex_barrier,benefits:assimilate]

Focus on: damage mitigation, shield repair, hull repair.

Build 2-3 crews. Each crew = 1 captain + 2 bridge officers.
You may ONLY use names from the numbered list above. Do NOT use any other names.
Return JSON: {"crews":[{"captain":"NAME","bridge":["NAME","NAME"],"reasoning":"why"}]}

=== GROUP RESULT: Base Defend ===
ok=1 error=''
crews parsed: 3
history_id: 1775446686-2182
response:
```json
{
  "crews": [
    {
      "captain": "Mirror Picard",
      "bridge": ["Mirror Kira", "Carol Freeman"],
      "reasoning": "Mirror Picard captain provides apex_barrier and isolytic damage mitigation at battle start. Mirror Kira bridge adds continuous mitigation and apex_barrier benefits from assimilate states. Carol Freeman bridge provides isolytic damage reduction and benefits from multiple debuff states including breach and burning, creating a defensive powerhouse that aligns with current Mirror Universe meta."
    },
    {
      "captain": "Nyota Uhura",
      "bridge": ["Spock", "Yuki Sulu"],
      "reasoning": "Nyota Uhura captain fires shield-focused maneuver at battle start. Spock bridge provides continuous shield boosts and stat improvements while benefiting from morale states. Yuki Sulu bridge adds additional shield support. This creates a shield-heavy defensive crew focused on absorbing and mitigating incoming damage through enhanced shielding."
    },
    {
      "c

=== GROUP QUERY: Armada (19 officers) ===
sys_prompt length: 1716
user_prompt length: 1228
total prompt: 2944 chars
--- SYSTEM PROMPT ---
You are an expert STFC (Star Trek Fleet Command) crew advisor. This is a MOBILE GAME by Scopely.

CREW MECHANICS:
- 1 Captain (CM fires ONCE at battle start) + 2 Bridge (OA always active) + optional Below Decks (BDA passive).
- Synergy: officers in the same group ('g' field) get bonus stats together.
- State chains: one officer applies a state via CM, another benefits via OA. Very powerful.

DATA FORMAT: n=name, rk=rank, g=group, cm=captain_maneuver, oa=officer_ability, bd=below_decks, t=tags

RULES:
1. ONLY use officer names from the provided list (these are OWNED officers).
2. Each crew = 1 captain + 2 bridge. No repeats across crews.
3. For each crew: explain WHY this captain (CM effect) and WHY each bridge (OA effect).

FOCUS: ARMADA crews. Officers tagged 'armada' get bonuses. Long fights = sustained DPS + survivability.
Note armada subtypes (eclipse, swarm, borg). NEVER use 'non_armada_only' officers.

Respond with ONLY valid JSON. Use EXACTLY this format:
{"crews":[{"captain":"NAME","bridge":["NAME","NAME"],"reasoning":"why"}]}
CRITICAL: captain and bridge values must be plain strings (exact names from the list), NOT objects.
Example: {"crews":[{"captain":"Hugh Culber","bridge":["Nine of Eleven","B'Elanna Torres"],"reasoning":"explain why"}]}
IMPORTANT: You may ONLY use names from the officer list provided. Do NOT invent names.

--- CURRENT META KNOWLEDGE (from game experts) ---
Armada crews focus on long-term scaling, critical hit consistency (Khan/Sela), and Isolytic damage to overcome the massive health pools of epic targets.
--- END META KNOWLEDGE ---
Use the meta knowledge above to guide your crew choices. Prioritize synergies and captain choices that match the current meta.

--- USER PROMPT ---
Pick crews from ONLY these 19 officers:
- Hugh Culber (SCI R5) [mitigation]
- Nine of Eleven (CMD R5) [crit,stat_boost]
- B'Elanna Torres (ENG R5) [shield_pierce,armor_pierce,shield,mitigation,extra_shots,applies:breach]
- Marlena Moreau (SCI R5) [shield_pierce,armor_pierce,shield,mitigation]
- Seven of Eleven (SCI R5) [extra_shots,stat_boost]
- Five of Eleven (ENG R5) [shield,mitigation]
- Gorkon (CMD R5) [crit,applies:breach]
- Khan Noonien Singh (CMD R5) [crit,mitigation]
- LORCA (SCI R5) [applies:breach,benefits:breach]
- Enterprise-E Troi (SCI R4) [shield,stat_boost]
- Christopher Pike (CMD R4)
- The Doctor (SCI R4) [shield,mitigation,extra_shots]
- Kathryn Janeway (CMD R4) [shield,mitigation,extra_shots]
- Six of Eleven (CMD R4) [shield]
- Beverly Crusher (SCI R3) [shield,mitigation,stat_boost]
- Sela (CMD R3) [crit]
- Enterprise-E Picard (CMD R3) [isolytic]
- William T. Riker (CMD R3)
- Suder (ENG R2)

Focus on: armada-tagged officers get bonuses. Sustained DPS + survivability.

Build 2-3 crews. Each crew = 1 captain + 2 bridge officers.
You may ONLY use names from the numbered list above. Do NOT use any other names.
Return JSON: {"crews":[{"captain":"NAME","bridge":["NAME","NAME"],"reasoning":"why"}]}

=== GROUP RESULT: Armada ===
ok=1 error=''
crews parsed: 3
history_id: 1775446694-4021
response:
```json
{
  "crews": [
    {
      "captain": "Khan Noonien Singh",
      "bridge": ["Nine of Eleven", "B'Elanna Torres"],
      "reasoning": "Khan's CM provides critical hit chance and mitigation for sustained survivability. Nine of Eleven's OA boosts critical hits and stats, creating a powerful crit-focused synergy. B'Elanna Torres adds shield/armor piercing, extra shots, and applies breach for increased damage output - perfect for long armada fights."
    },
    {
      "captain": "LORCA",
      "bridge": ["Gorkon", "Marlena Moreau"],
      "reasoning": "LORCA's CM applies breach at battle start, then benefits from breach throughout the fight for sustained DPS scaling. Gorkon's OA provides critical hits and also applies breach, amplifying LORCA's damage. Marlena Moreau adds shield/armor piercing and mitigation for survivability while maintaining offensive pressure."
    },
    {
      "captain": "Enterprise-E Picard",
      "bridge": ["Seven of Eleven", "Hugh Culber"],
      "reason

=== GROUP QUERY: Loot & Cargo (16 officers) ===
sys_prompt length: 1622
user_prompt length: 885
total prompt: 2507 chars
--- SYSTEM PROMPT ---
You are an expert STFC (Star Trek Fleet Command) crew advisor. This is a MOBILE GAME by Scopely.

CREW MECHANICS:
- 1 Captain (CM fires ONCE at battle start) + 2 Bridge (OA always active) + optional Below Decks (BDA passive).
- Synergy: officers in the same group ('g' field) get bonus stats together.
- State chains: one officer applies a state via CM, another benefits via OA. Very powerful.

DATA FORMAT: n=name, rk=rank, g=group, cm=captain_maneuver, oa=officer_ability, bd=below_decks, t=tags

RULES:
1. ONLY use officer names from the provided list (these are OWNED officers).
2. Each crew = 1 captain + 2 bridge. No repeats across crews.
3. For each crew: explain WHY this captain (CM effect) and WHY each bridge (OA effect).

FOCUS: LOOT & CARGO crews. Loot multipliers, cargo, rep boosts, XP boosts. Maximize farming rewards.

Respond with ONLY valid JSON. Use EXACTLY this format:
{"crews":[{"captain":"NAME","bridge":["NAME","NAME"],"reasoning":"why"}]}
CRITICAL: captain and bridge values must be plain strings (exact names from the list), NOT objects.
Example: {"crews":[{"captain":"Nine of Eleven","bridge":["Barot","Neelix"],"reasoning":"explain why"}]}
IMPORTANT: You may ONLY use names from the officer list provided. Do NOT invent names.

--- CURRENT META KNOWLEDGE (from game experts) ---
Loot meta centers on Five of Eleven for hostile grinding and Enterprise-E Data for state-based multipliers, while T'Pring remains the queen of protected cargo.
--- END META KNOWLEDGE ---
Use the meta knowledge above to guide your crew choices. Prioritize synergies and captain choices that match the current meta.

--- USER PROMPT ---
Pick crews from ONLY these 16 officers:
- Nine of Eleven (CMD R5) [crit,stat_boost]
- Barot (SCI R5)
- Neelix (SCI R5) [applies:burning]
- Seven of Eleven (SCI R5) [extra_shots,stat_boost]
- Stonn (ENG R5)
- T'Pring (CMD R5)
- Five of Eleven (ENG R5) [shield,mitigation]
- Ghrush (CMD R5)
- Helvia (CMD R5)
- Enterprise-E Troi (SCI R4) [shield,stat_boost]
- Four of Eleven (ENG R4)
- Kathryn Janeway (CMD R4) [shield,mitigation,extra_shots]
- Ten of Eleven (ENG R4)
- The Doctor (SCI R4) [shield,mitigation,extra_shots]
- Raphaël DuPont (CMD R3)
- Enterprise-E Picard (CMD R3) [isolytic]

Focus on: loot multipliers, cargo capacity, rep boosts, XP boosts.

Build 2-3 crews. Each crew = 1 captain + 2 bridge officers.
You may ONLY use names from the numbered list above. Do NOT use any other names.
Return JSON: {"crews":[{"captain":"NAME","bridge":["NAME","NAME"],"reasoning":"why"}]}

=== GROUP RESULT: Loot & Cargo ===
ok=1 error=''
crews parsed: 3
history_id: 1775446701-9698
response:
```json
{"crews":[{"captain":"Five of Eleven","bridge":["Nine of Eleven","Seven of Eleven"],"reasoning":"Five of Eleven captain provides loot multiplier bonuses for hostile grinding. Nine of Eleven bridge offers critical hit and stat boosts to maximize damage output. Seven of Eleven bridge adds extra shots and stat boosts for sustained combat effectiveness. This crew excels at hostile farming with enhanced loot rewards."},{"captain":"T'Pring","bridge":["Barot","Neelix"],"reasoning":"T'Pring captain is the meta queen of protected cargo, maximizing cargo capacity and protection during transport. Barot and Neelix as bridge officers provide additional utility and synergy for cargo operations. This crew is essential for safe resource transportation and maximizing cargo hauls."},{"captain":"Enterprise-E Picard","bridge":["Enterprise-E Troi","The Doctor"],"reasoning":"Enterprise-E Picard captain with isolytic abilities provides utility for specialized farming scenarios. Enterprise-E Troi brid

=== GROUP QUERY: State Chain (16 officers) ===
sys_prompt length: 1756
user_prompt length: 1201
total prompt: 2957 chars
--- SYSTEM PROMPT ---
You are an expert STFC (Star Trek Fleet Command) crew advisor. This is a MOBILE GAME by Scopely.

CREW MECHANICS:
- 1 Captain (CM fires ONCE at battle start) + 2 Bridge (OA always active) + optional Below Decks (BDA passive).
- Synergy: officers in the same group ('g' field) get bonus stats together.
- State chains: one officer applies a state via CM, another benefits via OA. Very powerful.

DATA FORMAT: n=name, rk=rank, g=group, cm=captain_maneuver, oa=officer_ability, bd=below_decks, t=tags

RULES:
1. ONLY use officer names from the provided list (these are OWNED officers).
2. Each crew = 1 captain + 2 bridge. No repeats across crews.
3. For each crew: explain WHY this captain (CM effect) and WHY each bridge (OA effect).

FOCUS: STATE CHAIN crews. Match 'applies:X' with 'benefits:X' tags.
Captain CM should APPLY the state, bridge OA should BENEFIT from it.
States: burning, morale, breach, assimilate, isolytic. Chain combos are extremely powerful.

Respond with ONLY valid JSON. Use EXACTLY this format:
{"crews":[{"captain":"NAME","bridge":["NAME","NAME"],"reasoning":"why"}]}
CRITICAL: captain and bridge values must be plain strings (exact names from the list), NOT objects.
Example: {"crews":[{"captain":"Severus","bridge":["Decius","Marlena Moreau"],"reasoning":"explain why"}]}
IMPORTANT: You may ONLY use names from the officer list provided. Do NOT invent names.

--- CURRENT META KNOWLEDGE (from game experts) ---
State Chain crews rely on applying a specific status (Morale, Burning, or Breach) to unlock the secondary 'payoff' abilities of the bridge and below-deck officers.
--- END META KNOWLEDGE ---
Use the meta knowledge above to guide your crew choices. Prioritize synergies and captain choices that match the current meta.

--- USER PROMPT ---
Pick crews from ONLY these 16 officers:
- Severus (ENG R5) [benefits:burning]
- Decius (SCI R5) [shield_pierce,armor_pierce,shield,mitigation]
- Marlena Moreau (SCI R5) [shield_pierce,armor_pierce,shield,mitigation]
- Tuvok (SCI R5)
- Yuki Sulu (ENG R5) [shield]
- Gorkon (CMD R5) [crit,applies:breach]
- LORCA (SCI R5) [applies:breach,benefits:breach]
- Enterprise-E Troi (SCI R4) [shield,stat_boost]
- Christopher Pike (CMD R4)
- Liviana Charvanek (CMD R4) [armor_pierce,mitigation,applies:burning]
- Worf (CMD R3) [mitigation]
- Alexander Marcus (CMD R3) [shield_pierce,shield,applies:morale]
- Carol Freeman (CMD R3) [extra_shots,isolytic,benefits:assimilate,benefits:breach,benefits:burning,benefits:morale]
- Enterprise-E Picard (CMD R3) [isolytic]
- Mirror Picard (CMD R3) [apex_barrier,isolytic,benefits:assimilate]
- Mirror Kira (CMD R2) [mitigation,apex_barrier,benefits:assimilate]

Focus on: state application and benefit combos. Captain APPLY, bridge BENEFIT.

Build 2-3 crews. Each crew = 1 captain + 2 bridge officers.
You may ONLY use names from the numbered list above. Do NOT use any other names.
Return JSON: {"crews":[{"captain":"NAME","bridge":["NAME","NAME"],"reasoning":"why"}]}

=== GROUP RESULT: State Chain ===
ok=1 error=''
crews parsed: 3
history_id: 1775446706-7720
response:
```json
{
  "crews": [
    {
      "captain": "Liviana Charvanek",
      "bridge": ["Severus", "Carol Freeman"],
      "reasoning": "Liviana applies burning via CM, Severus benefits from burning via OA for massive damage boost, Carol Freeman benefits from burning (plus morale/breach/assimilate) making her extremely versatile. Perfect state chain combo."
    },
    {
      "captain": "Gorkon",
      "bridge": ["LORCA", "Carol Freeman"],
      "reasoning": "Gorkon applies breach via CM, LORCA benefits from breach via OA for enhanced damage, Carol Freeman benefits from breach (plus other states) for maximum versatility. Strong breach state chain."
    },
    {
      "captain": "Alexander Marcus",
      "bridge": ["Carol Freeman", "Mirror Picard"],
      "reasoning": "Alexander Marcus applies morale via CM, Carol Freeman benefits from morale (plus all other states) via OA, Mirror Picard provides isolytic damage and assimilate benefits. Morale state chain with isolytic support."
    }
  ]
}

=== GROUP QUERY: Apex & Isolytic (13 officers) ===
sys_prompt length: 1718
user_prompt length: 1025
total prompt: 2743 chars
--- SYSTEM PROMPT ---
You are an expert STFC (Star Trek Fleet Command) crew advisor. This is a MOBILE GAME by Scopely.

CREW MECHANICS:
- 1 Captain (CM fires ONCE at battle start) + 2 Bridge (OA always active) + optional Below Decks (BDA passive).
- Synergy: officers in the same group ('g' field) get bonus stats together.
- State chains: one officer applies a state via CM, another benefits via OA. Very powerful.

DATA FORMAT: n=name, rk=rank, g=group, cm=captain_maneuver, oa=officer_ability, bd=below_decks, t=tags

RULES:
1. ONLY use officer names from the provided list (these are OWNED officers).
2. Each crew = 1 captain + 2 bridge. No repeats across crews.
3. For each crew: explain WHY this captain (CM effect) and WHY each bridge (OA effect).

FOCUS: APEX & ISOLYTIC META crews. Rock-Paper-Scissors: apex_barrier absorbs damage, apex_shred strips barriers, isolytic_cascade bypasses defense, isolytic_defense reduces isolytic.
Knowing the counter matchup is critical.

Respond with ONLY valid JSON. Use EXACTLY this format:
{"crews":[{"captain":"NAME","bridge":["NAME","NAME"],"reasoning":"why"}]}
CRITICAL: captain and bridge values must be plain strings (exact names from the list), NOT objects.
Example: {"crews":[{"captain":"Tuvok","bridge":["Borg Queen","LORCA"],"reasoning":"explain why"}]}
IMPORTANT: You may ONLY use names from the officer list provided. Do NOT invent names.

--- CURRENT META KNOWLEDGE (from game experts) ---
The current high-end meta is a literal arms race between Carol Freeman's Isolytic Cascade offense and Mirror Data's Apex Barrier defense.
--- END META KNOWLEDGE ---
Use the meta knowledge above to guide your crew choices. Prioritize synergies and captain choices that match the current meta.

--- USER PROMPT ---
Pick crews from ONLY these 13 officers:
- Tuvok (SCI R5)
- Borg Queen (CMD R5) [crit,benefits:assimilate]
- LORCA (SCI R5) [applies:breach,benefits:breach]
- Enterprise-E Troi (SCI R4) [shield,stat_boost]
- Kira Nerys (CMD R3) [shield,mitigation]
- Worf (CMD R3) [mitigation]
- Alexander Marcus (CMD R3) [shield_pierce,shield,applies:morale]
- Carol Freeman (CMD R3) [extra_shots,isolytic,benefits:assimilate,benefits:breach,benefits:burning,benefits:morale]
- Enterprise-E Picard (CMD R3) [isolytic]
- Gul Dukat (CMD R3) [applies:breach,benefits:breach]
- Mirror Picard (CMD R3) [apex_barrier,isolytic,benefits:assimilate]
- Weyoun (CMD R3) [extra_shots,applies:morale,benefits:morale]
- Mirror Kira (CMD R2) [mitigation,apex_barrier,benefits:assimilate]

Focus on: the Rock-Paper-Scissors META.

Build 2-3 crews. Each crew = 1 captain + 2 bridge officers.
You may ONLY use names from the numbered list above. Do NOT use any other names.
Return JSON: {"crews":[{"captain":"NAME","bridge":["NAME","NAME"],"reasoning":"why"}]}

=== GROUP RESULT: Apex & Isolytic ===
ok=1 error=''
crews parsed: 3
history_id: 1775446714-6985
response:
```json
{
  "crews": [
    {
      "captain": "Carol Freeman",
      "bridge": ["Borg Queen", "LORCA"],
      "reasoning": "Isolytic Cascade offense crew. Carol Freeman's CM provides isolytic damage and extra shots, benefiting from assimilate (Borg Queen OA) and breach (LORCA OA). LORCA applies breach which Freeman benefits from, while Borg Queen provides crit and assimilate state that Freeman also benefits from. This is the premier isolytic offense setup."
    },
    {
      "captain": "Mirror Picard",
      "bridge": ["Mirror Kira", "Borg Queen"],
      "reasoning": "Apex Barrier defense crew. Mirror Picard's CM provides apex barrier and isolytic defense to counter Freeman crews. Mirror Kira OA provides additional apex barrier and mitigation, while Borg Queen provides assimilate state that both Mirror Picard and Mirror Kira benefit from. This crew hard counters isolytic cascade attacks."
    },
    {
      "captain": "Tuvok",
      "bridge": ["Gul Dukat", "Weyoun"],
      "reasoning"

=== GROUP QUERY: PvP General (13 officers) ===
sys_prompt length: 2407
user_prompt length: 4185
total prompt: 6592 chars
--- SYSTEM PROMPT ---
You are an expert STFC (Star Trek Fleet Command) crew advisor. This is a MOBILE GAME by Scopely.

CREW MECHANICS:
- 1 Captain (CM fires ONCE at battle start) + 2 Bridge (OA always active) + optional Below Decks (BDA passive).
- Synergy: officers in the same group ('g' field) get bonus stats together.
- State chains: one officer applies a state via CM, another benefits via OA. Very powerful.

DATA FORMAT: n=name, rk=rank, g=group, cm=captain_maneuver, oa=officer_ability, bd=below_decks, t=tags

RULES:
1. ONLY use officer names from the provided list (these are OWNED officers).
2. Each crew = 1 captain + 2 bridge. No repeats across crews.
3. For each crew: explain WHY this captain (CM effect) and WHY each bridge (OA effect).

FOCUS: UNIVERSAL PvP COMBAT crews. These should work well on ANY ship type.
Prioritize armor/shield piercing, crits, damage bursts, stat boosters.
Captain CM should deliver a powerful opening strike or critical debuff.

Respond with ONLY valid JSON. Use EXACTLY this format:
{"crews":[{"captain":"NAME","bridge":["NAME","NAME"],"reasoning":"why"}]}
CRITICAL: captain and bridge values must be plain strings (exact names from the list), NOT objects.
Example: {"crews":[{"captain":"T'Pring","bridge":["Tuvok","Yuki Sulu"],"reasoning":"explain why"}]}
IMPORTANT: You may ONLY use names from the officer list provided. Do NOT invent names.

--- CURRENT META KNOWLEDGE (from game experts) ---
The General PvP meta is dominated by Isolytic Damage and Apex Barriers, where victory is decided by who can bypass mitigation first.
--- END META KNOWLEDGE ---
Use the meta knowledge above to guide your crew choices. Prioritize synergies and captain choices that match the current meta.


PRIOR GOOD RESPONSES (the user rated these highly — use them as reference):
--- Response 1 ---
{
  "crews": [
    {
      "captain": "Mirror Picard",
      "bridge": [
        "Carol Freeman",
        "Mirror Kira"
      ],
      "reasoning": "This crew is built around the current PvP meta of Isolytic Damage and Apex Barriers. Mirror Picard as Captain delivers an opening strike of Isolytic Damage and applies Apex Barrier, directly countering enemy mitigation. Carol Freeman amplifies damage with additional Isolytic Damage and extra shots, significantly boosting the ship's offensive output....[truncated]
---
Build on what worked in these prior responses. Keep the same style and quality.

--- USER PROMPT ---
Pick crews from ONLY these 13 officers:
- T'Pring (CMD R5, SURVEYORS & MINERS, synergy: 30%/20%)
  CM: Increase Mining Speed (Gas) | 40%
  OA: oa: hidden stash +300% to protected cargo | 300% at R5
- Tuvok (SCI R5, VOYAGER) [BDA]
  CM: (Below Decks — no captain maneuver)
  OA: oa: artifact analysis +200% to artifact tokens gained from formation armadas. | 200% at R5
  BDA: Increases Voyager's Max Cargo Capacity | 400% at R5
- Yuki Sulu (ENG R5, SECTION 31, synergy: 5%/2%)
  CM: Decrease the shield Health of the opponent's ship each round | 10%
  OA: oa: romulan grudge 500% of the crew's health bonus to damage against romulans | 500% at R5
  Tags: [shield]
- Gorkon (CMD R5, KLINGON PATRIOTS, synergy: 10%/5%)
  CM: Increase Critical Hit Chances for first 2 rounds | 10%
  OA: oa: creating opportunities 90% chance to cause a hull breach for 3 rounds when hitting with a critical hit | 90% at R5
  Tags: [crit, applies:breach]
- LORCA (SCI R5, NEXT GEN, synergy: 50%/25%)
  CM: Decrease opponents damge if they have Hull Breach | 10%
  OA: oa: the dancing doctor +12% to the effectiveness of the captain maneuver | 12% at R5
  Tags: [applies:breach, benefits:breach]
- Damar (ENG R3, INTERCEPTOR STRIKE TEAM, synergy: 3%/2%)
  CM: When on an Interceptor and fighting a player with Hull Breach, when scoring a critical, increases Critical Hit Chance | 2%
  OA: oa:  | 35% at R3
  Tags: [crit, benefits:breach]
- Worf (CMD R3, TNG CREW, synergy: 15%/10%)
  CM: After winning a battle, Worf increases the Warp Speed of the ship. This bonus does not stack, and is removed when returning to your station. | 70%
  OA: oa: only fools have no fear +80% to all mitigation against non-player targets | 60% at R3
  Tags: [mitigation, cumulative]
- Alexander Marcus (CMD R3, SECTION 31, synergy: 10%/5%)
  CM: Chance to inspire morale when opponent's HHP is under 80% | 100%
  OA: oa: shady methods 800% of the crew's defense bonus to shield piercing | 400% at R3
  Tags: [shield_pierce, shield, applies:morale]
- Carol Freeman (CMD R3, LOWER DECKS CREW, synergy: 5%/5%)
  CM: On combat start against Players, Increase shots | 100%
  OA: oa: cerritos strong! on round start, if the enemy player has any state, carol freeman increases your isolytic cascade damage by +110% for 1 round. | 90% at R3
  Tags: [extra_shots, isolytic, benefits:assimilate, benefits:breach, benefits:burning, benefits:morale]
- Gul Dukat (CMD R3, INTERCEPTOR STRIKE TEAM, synergy: 40%/20%)
  CM: While on an Interceptor fighting a player, at the start of a round, chance to apply Hull Breach for 3 rounds. | 100%
  OA: oa:  | 35% at R3
  Tags: [applies:breach, benefits:breach]
- Mirror Picard (CMD R3, MIRROR UNIVERSE, synergy: 50%/25%)
  CM: On round start against players, increases Isolytic Cascade | 50%
  OA: oa: anticollective on round start against players with assimilate, mirror picard increases your apex barrier by {2:#} for 1 round. | 17000 at R3
  Tags: [apex_barrier, isolytic, benefits:assimilate]
- Weyoun (CMD R3, EXPLORER STRIKE TEAM, synergy: 40%/10%)
  CM: On round start, chance to apply Morale for 3 rounds when fighting against a player, if on an Explorer | 100%
  OA: oa: manipulate, cajole, deceive increases weapon shots by +100% at the start of each round for 2 rounds when fighting players, if on an explorer with morale. | 88% at R3
  Tags: [extra_shots, applies:morale, benefits:morale]
- Mirror Kira (CMD R2, MIRROR UNIVERSE, synergy: 150000%/150000%)
  CM: On round start against players, increases Apex Barrier for 5 rounds (cumulative) | 1500
  OA: oa: apex barrier provides <b>true damage mitigation</b> from all sources <i>after</i> all other bonuses. every 100 apex barrier increases the damage you can take by 1%. | 20% at R2
  Tags: [mitigation, apex_barrier, cumulative, benefits:assimilate]

Focus on: armor/shield piercing, critical hits, damage bursts, stat boosters. Captain CM should deliver a powerful opening strike or critical debuff.

Build 2-3 crews. Each crew = 1 captain + 2 bridge officers.
You may ONLY use names from the numbered list above. Do NOT use any other names.
Return JSON: {"crews":[{"captain":"NAME","bridge":["NAME","NAME"],"reasoning":"why"}]}

=== GROUP RESULT: PvP General ===
ok=1 error=''
crews parsed: 3
history_id: 1775449311-7204
response:
```json
{
  "crews": [
    {
      "captain": "Mirror Picard",
      "bridge": [
        "Carol Freeman",
        "Mirror Kira"
      ],
      "reasoning": "This crew is built around the current PvP meta of Isolytic Damage and Apex Barriers. Mirror Picard as Captain delivers an opening strike of Isolytic Damage and applies Apex Barrier, directly countering enemy mitigation. Carol Freeman amplifies damage with additional Isolytic Damage and extra shots, significantly boosting the ship's offensive output. Mirror Kira provides massive Apex Barrier stacking (1500 per round for 5 rounds) and true damage mitigation, creating an impenetrable defense while the isolytic damage overwhelms opponents."
    },
    {
      "captain": "Gorkon",
      "bridge": [
        "LORCA",
        "Damar"
      ],
      "reasoning": "This crew focuses on critical hit chains and hull breach exploitation. Gorkon as Captain increases critical hit chances for the first 2 rounds and has a 90% chance to apply hull br

=== GROUP QUERY: PvP on Explorer (12 officers) ===
sys_prompt length: 1757
user_prompt length: 3797
total prompt: 5554 chars
--- SYSTEM PROMPT ---
You are an expert STFC (Star Trek Fleet Command) crew advisor. This is a MOBILE GAME by Scopely.

CREW MECHANICS:
- 1 Captain (CM fires ONCE at battle start) + 2 Bridge (OA always active) + optional Below Decks (BDA passive).
- Synergy: officers in the same group ('g' field) get bonus stats together.
- State chains: one officer applies a state via CM, another benefits via OA. Very powerful.

DATA FORMAT: n=name, rk=rank, g=group, cm=captain_maneuver, oa=officer_ability, bd=below_decks, t=tags

RULES:
1. ONLY use officer names from the provided list (these are OWNED officers).
2. Each crew = 1 captain + 2 bridge. No repeats across crews.
3. For each crew: explain WHY this captain (CM effect) and WHY each bridge (OA effect).

FOCUS: PvP crews when the player FLIES AN EXPLORER.
Explorers have strong shields and balanced stats. Optimize for shield synergy, sustained damage, and exploiting the Explorer's defensive strengths.
Consider officers whose abilities scale with shield stats or provide shield repair.

Respond with ONLY valid JSON. Use EXACTLY this format:
{"crews":[{"captain":"NAME","bridge":["NAME","NAME"],"reasoning":"why"}]}
CRITICAL: captain and bridge values must be plain strings (exact names from the list), NOT objects.
Example: {"crews":[{"captain":"Tuvok","bridge":["Yuki Sulu","Gorkon"],"reasoning":"explain why"}]}
IMPORTANT: You may ONLY use names from the officer list provided. Do NOT invent names.

--- CURRENT META KNOWLEDGE (from game experts) ---
Explorer crews prioritize Shield/Apex regeneration and Isolytic scaling to leverage their high natural health pools.
--- END META KNOWLEDGE ---
Use the meta knowledge above to guide your crew choices. Prioritize synergies and captain choices that match the current meta.

--- USER PROMPT ---
Pick crews from ONLY these 12 officers:
- Tuvok (SCI R5, VOYAGER) [BDA]
  CM: (Below Decks — no captain maneuver)
  OA: oa: artifact analysis +200% to artifact tokens gained from formation armadas. | 200% at R5
  BDA: Increases Voyager's Max Cargo Capacity | 400% at R5
- Yuki Sulu (ENG R5, SECTION 31, synergy: 5%/2%)
  CM: Decrease the shield Health of the opponent's ship each round | 10%
  OA: oa: romulan grudge 500% of the crew's health bonus to damage against romulans | 500% at R5
  Tags: [shield]
- Gorkon (CMD R5, KLINGON PATRIOTS, synergy: 10%/5%)
  CM: Increase Critical Hit Chances for first 2 rounds | 10%
  OA: oa: creating opportunities 90% chance to cause a hull breach for 3 rounds when hitting with a critical hit | 90% at R5
  Tags: [crit, applies:breach]
- James T. Kirk (CMD R5, ENTERPRISE CREW)
  CM: cm: leader 0% to all officer stats when the ship has morale | 40%
  OA: oa: inspirational 80% chance to inspire morale to his ship each round for 2 rounds.
  Tags: [stat_boost, applies:morale, benefits:morale]
- LORCA (SCI R5, NEXT GEN, synergy: 50%/25%)
  CM: Decrease opponents damge if they have Hull Breach | 10%
  OA: oa: the dancing doctor +12% to the effectiveness of the captain maneuver | 12% at R5
  Tags: [applies:breach, benefits:breach]
- Damar (ENG R3, INTERCEPTOR STRIKE TEAM, synergy: 3%/2%)
  CM: When on an Interceptor and fighting a player with Hull Breach, when scoring a critical, increases Critical Hit Chance | 2%
  OA: oa:  | 35% at R3
  Tags: [crit, benefits:breach]
- Worf (CMD R3, TNG CREW, synergy: 15%/10%)
  CM: After winning a battle, Worf increases the Warp Speed of the ship. This bonus does not stack, and is removed when returning to your station. | 70%
  OA: oa: only fools have no fear +80% to all mitigation against non-player targets | 60% at R3
  Tags: [mitigation, cumulative]
- Alexander Marcus (CMD R3, SECTION 31, synergy: 10%/5%)
  CM: Chance to inspire morale when opponent's HHP is under 80% | 100%
  OA: oa: shady methods 800% of the crew's defense bonus to shield piercing | 400% at R3
  Tags: [shield_pierce, shield, applies:morale]
- Carol Freeman (CMD R3, LOWER DECKS CREW, synergy: 5%/5%)
  CM: On combat start against Players, Increase shots | 100%
  OA: oa: cerritos strong! on round start, if the enemy player has any state, carol freeman increases your isolytic cascade damage by +110% for 1 round. | 90% at R3
  Tags: [extra_shots, isolytic, benefits:assimilate, benefits:breach, benefits:burning, benefits:morale]
- Mirror Picard (CMD R3, MIRROR UNIVERSE, synergy: 50%/25%)
  CM: On round start against players, increases Isolytic Cascade | 50%
  OA: oa: anticollective on round start against players with assimilate, mirror picard increases your apex barrier by {2:#} for 1 round. | 17000 at R3
  Tags: [apex_barrier, isolytic, benefits:assimilate]
- Jean-Luc Picard (CMD R2, TNG CREW, synergy: 100%/100%)
  CM: Increase the effectiveness of all Officer Abilities that trigger in combat | 20%
  OA: oa: engage +15% to your critical hit damage | 10% at R2
  Tags: [crit]
- Mirror Kira (CMD R2, MIRROR UNIVERSE, synergy: 150000%/150000%)
  CM: On round start against players, increases Apex Barrier for 5 rounds (cumulative) | 1500
  OA: oa: apex barrier provides <b>true damage mitigation</b> from all sources <i>after</i> all other bonuses. every 100 apex barrier increases the damage you can take by 1%. | 20% at R2
  Tags: [mitigation, apex_barrier, cumulative, benefits:assimilate]

Focus on: shield synergy, sustained damage, shield repair. Exploit Explorer defensive strengths.

Build 2-3 crews. Each crew = 1 captain + 2 bridge officers.
You may ONLY use names from the numbered list above. Do NOT use any other names.
Return JSON: {"crews":[{"captain":"NAME","bridge":["NAME","NAME"],"reasoning":"why"}]}

=== GROUP RESULT: PvP on Explorer ===
ok=1 error=''
crews parsed: 3
history_id: 1775449321-1964
response:
```json
{
  "crews": [
    {
      "captain": "Mirror Kira",
      "bridge": ["Mirror Picard", "Carol Freeman"],
      "reasoning": "Mirror Kira captain provides cumulative Apex Barrier each round for sustained defense. Mirror Picard bridge adds isolytic damage and more apex barrier against assimilated enemies. Carol Freeman bridge provides isolytic cascade scaling when enemies have any state, plus extra shots for more damage output. This crew maximizes Explorer's defensive strengths with apex barrier stacking while adding strong isolytic damage."
    },
    {
      "captain": "Alexander Marcus",
      "bridge": ["Yuki Sulu", "Gorkon"],
      "reasoning": "Alexander Marcus captain applies morale when enemy health drops below 80%, triggering shield piercing damage. Yuki Sulu bridge reduces enemy shields each round and provides massive damage bonus against Romulans. Gorkon bridge increases crit chance early and applies hull breach on crits. This crew focuses on shield manipulation and su

=== GROUP QUERY: PvP on Battleship (13 officers) ===
sys_prompt length: 1736
user_prompt length: 4257
total prompt: 5993 chars
--- SYSTEM PROMPT ---
You are an expert STFC (Star Trek Fleet Command) crew advisor. This is a MOBILE GAME by Scopely.

CREW MECHANICS:
- 1 Captain (CM fires ONCE at battle start) + 2 Bridge (OA always active) + optional Below Decks (BDA passive).
- Synergy: officers in the same group ('g' field) get bonus stats together.
- State chains: one officer applies a state via CM, another benefits via OA. Very powerful.

DATA FORMAT: n=name, rk=rank, g=group, cm=captain_maneuver, oa=officer_ability, bd=below_decks, t=tags

RULES:
1. ONLY use officer names from the provided list (these are OWNED officers).
2. Each crew = 1 captain + 2 bridge. No repeats across crews.
3. For each crew: explain WHY this captain (CM effect) and WHY each bridge (OA effect).

FOCUS: PvP crews when the player FLIES A BATTLESHIP.
Battleships have high hull/armor and strong weapons. Optimize for raw damage output, armor piercing through enemy defenses, and hull-based survivability.
Consider officers whose abilities scale with weapon damage or hull HP.

Respond with ONLY valid JSON. Use EXACTLY this format:
{"crews":[{"captain":"NAME","bridge":["NAME","NAME"],"reasoning":"why"}]}
CRITICAL: captain and bridge values must be plain strings (exact names from the list), NOT objects.
Example: {"crews":[{"captain":"Tuvok","bridge":["Yuki Sulu","Gorkon"],"reasoning":"explain why"}]}
IMPORTANT: You may ONLY use names from the officer list provided. Do NOT invent names.

--- CURRENT META KNOWLEDGE (from game experts) ---
Battleship crews focus on armor mitigation and maximizing shot volume to crush Explores and Stations.
--- END META KNOWLEDGE ---
Use the meta knowledge above to guide your crew choices. Prioritize synergies and captain choices that match the current meta.

--- USER PROMPT ---
Pick crews from ONLY these 13 officers:
- Tuvok (SCI R5, VOYAGER) [BDA]
  CM: (Below Decks — no captain maneuver)
  OA: oa: artifact analysis +200% to artifact tokens gained from formation armadas. | 200% at R5
  BDA: Increases Voyager's Max Cargo Capacity | 400% at R5
- Yuki Sulu (ENG R5, SECTION 31, synergy: 5%/2%)
  CM: Decrease the shield Health of the opponent's ship each round | 10%
  OA: oa: romulan grudge 500% of the crew's health bonus to damage against romulans | 500% at R5
  Tags: [shield]
- Gorkon (CMD R5, KLINGON PATRIOTS, synergy: 10%/5%)
  CM: Increase Critical Hit Chances for first 2 rounds | 10%
  OA: oa: creating opportunities 90% chance to cause a hull breach for 3 rounds when hitting with a critical hit | 90% at R5
  Tags: [crit, applies:breach]
- LORCA (SCI R5, NEXT GEN, synergy: 50%/25%)
  CM: Decrease opponents damge if they have Hull Breach | 10%
  OA: oa: the dancing doctor +12% to the effectiveness of the captain maneuver | 12% at R5
  Tags: [applies:breach, benefits:breach]
- Damar (ENG R3, INTERCEPTOR STRIKE TEAM, synergy: 3%/2%)
  CM: When on an Interceptor and fighting a player with Hull Breach, when scoring a critical, increases Critical Hit Chance | 2%
  OA: oa:  | 35% at R3
  Tags: [crit, benefits:breach]
- Strike Team SNW Ortegas (ENG R3, BATTLESHIP STRIKE TEAM)
  CM: cm: safety coefficients 100% chance to inflict burning for 3 rounds on player explorers when hit by them. thermal modulation 100% chance to delay enemy player weapons by 1 round when in a battleship. | 100%
  OA: oa: 
  Tags: [applies:burning]
- Worf (CMD R3, TNG CREW, synergy: 15%/10%)
  CM: After winning a battle, Worf increases the Warp Speed of the ship. This bonus does not stack, and is removed when returning to your station. | 70%
  OA: oa: only fools have no fear +80% to all mitigation against non-player targets | 60% at R3
  Tags: [mitigation, cumulative]
- Alexander Marcus (CMD R3, SECTION 31, synergy: 10%/5%)
  CM: Chance to inspire morale when opponent's HHP is under 80% | 100%
  OA: oa: shady methods 800% of the crew's defense bonus to shield piercing | 400% at R3
  Tags: [shield_pierce, shield, applies:morale]
- Carol Freeman (CMD R3, LOWER DECKS CREW, synergy: 5%/5%)
  CM: On combat start against Players, Increase shots | 100%
  OA: oa: cerritos strong! on round start, if the enemy player has any state, carol freeman increases your isolytic cascade damage by +110% for 1 round. | 90% at R3
  Tags: [extra_shots, isolytic, benefits:assimilate, benefits:breach, benefits:burning, benefits:morale]
- Gul Dukat (CMD R3, INTERCEPTOR STRIKE TEAM, synergy: 40%/20%)
  CM: While on an Interceptor fighting a player, at the start of a round, chance to apply Hull Breach for 3 rounds. | 100%
  OA: oa:  | 35% at R3
  Tags: [applies:breach, benefits:breach]
- Mirror Picard (CMD R3, MIRROR UNIVERSE, synergy: 50%/25%)
  CM: On round start against players, increases Isolytic Cascade | 50%
  OA: oa: anticollective on round start against players with assimilate, mirror picard increases your apex barrier by {2:#} for 1 round. | 17000 at R3
  Tags: [apex_barrier, isolytic, benefits:assimilate]
- Weyoun (CMD R3, EXPLORER STRIKE TEAM, synergy: 40%/10%)
  CM: On round start, chance to apply Morale for 3 rounds when fighting against a player, if on an Explorer | 100%
  OA: oa: manipulate, cajole, deceive increases weapon shots by +100% at the start of each round for 2 rounds when fighting players, if on an explorer with morale. | 88% at R3
  Tags: [extra_shots, applies:morale, benefits:morale]
- Mirror Kira (CMD R2, MIRROR UNIVERSE, synergy: 150000%/150000%)
  CM: On round start against players, increases Apex Barrier for 5 rounds (cumulative) | 1500
  OA: oa: apex barrier provides <b>true damage mitigation</b> from all sources <i>after</i> all other bonuses. every 100 apex barrier increases the damage you can take by 1%. | 20% at R2
  Tags: [mitigation, apex_barrier, cumulative, benefits:assimilate]

Focus on: raw damage output, armor piercing, hull-based survivability.

Build 2-3 crews. Each crew = 1 captain + 2 bridge officers.
You may ONLY use names from the numbered list above. Do NOT use any other names.
Return JSON: {"crews":[{"captain":"NAME","bridge":["NAME","NAME"],"reasoning":"why"}]}

=== GROUP RESULT: PvP on Battleship ===
ok=1 error=''
crews parsed: 3
history_id: 1775449331-3745
response:
```json
{
  "crews": [
    {
      "captain": "Carol Freeman",
      "bridge": ["Gorkon", "Alexander Marcus"],
      "reasoning": "Carol Freeman's CM provides +100% shots against players, maximizing battleship damage output. Gorkon's OA gives 90% chance for hull breach on crits, while his synergy with Klingon Patriots boosts stats. Alexander Marcus provides 400% shield piercing from defense bonus, cutting through enemy defenses. Freeman's OA synergizes with breach states for +90% isolytic cascade damage."
    },
    {
      "captain": "Mirror Kira",
      "bridge": ["Mirror Picard", "Yuki Sulu"],
      "reasoning": "Mirror Kira provides massive cumulative apex barrier (+1500 per round for 5 rounds), giving exceptional hull-based survivability. Her OA converts apex barrier to true damage mitigation. Mirror Picard adds +50% isolytic cascade and synergizes with Mirror Universe group (50%/25%). Yuki Sulu's OA provides 500% crew health bonus as damage against Romulans, while his CM reduces 

=== GROUP QUERY: PvP on Interceptor (12 officers) ===
sys_prompt length: 1787
user_prompt length: 3845
total prompt: 5632 chars
--- SYSTEM PROMPT ---
You are an expert STFC (Star Trek Fleet Command) crew advisor. This is a MOBILE GAME by Scopely.

CREW MECHANICS:
- 1 Captain (CM fires ONCE at battle start) + 2 Bridge (OA always active) + optional Below Decks (BDA passive).
- Synergy: officers in the same group ('g' field) get bonus stats together.
- State chains: one officer applies a state via CM, another benefits via OA. Very powerful.

DATA FORMAT: n=name, rk=rank, g=group, cm=captain_maneuver, oa=officer_ability, bd=below_decks, t=tags

RULES:
1. ONLY use officer names from the provided list (these are OWNED officers).
2. Each crew = 1 captain + 2 bridge. No repeats across crews.
3. For each crew: explain WHY this captain (CM effect) and WHY each bridge (OA effect).

FOCUS: PvP crews when the player FLIES AN INTERCEPTOR.
Interceptors are fast with high crit chance but fragile. Optimize for devastating opening strikes, crit damage multipliers, and speed-based advantages.
Captain CM should aim to end fights quickly before the Interceptor takes too much damage.

Respond with ONLY valid JSON. Use EXACTLY this format:
{"crews":[{"captain":"NAME","bridge":["NAME","NAME"],"reasoning":"why"}]}
CRITICAL: captain and bridge values must be plain strings (exact names from the list), NOT objects.
Example: {"crews":[{"captain":"Spock","bridge":["Tuvok","Yuki Sulu"],"reasoning":"explain why"}]}
IMPORTANT: You may ONLY use names from the officer list provided. Do NOT invent names.

--- CURRENT META KNOWLEDGE (from game experts) ---
Interceptor crews lean into high-speed critical strikes and Isolytic Cascade to end fights before their lower health becomes a factor.
--- END META KNOWLEDGE ---
Use the meta knowledge above to guide your crew choices. Prioritize synergies and captain choices that match the current meta.

--- USER PROMPT ---
Pick crews from ONLY these 12 officers:
- Spock (SCI R5, ENTERPRISE CREW, synergy: 10%/5%)
  CM: Increase Accuracy at the start of each round | 15%
  OA: oa: illogical 750% of total officer defense on the ship restored to the shield when having morale | 750% at R5
  Tags: [shield, stat_boost, benefits:morale]
- Tuvok (SCI R5, VOYAGER) [BDA]
  CM: (Below Decks — no captain maneuver)
  OA: oa: artifact analysis +200% to artifact tokens gained from formation armadas. | 200% at R5
  BDA: Increases Voyager's Max Cargo Capacity | 400% at R5
- Yuki Sulu (ENG R5, SECTION 31, synergy: 5%/2%)
  CM: Decrease the shield Health of the opponent's ship each round | 10%
  OA: oa: romulan grudge 500% of the crew's health bonus to damage against romulans | 500% at R5
  Tags: [shield]
- Gorkon (CMD R5, KLINGON PATRIOTS, synergy: 10%/5%)
  CM: Increase Critical Hit Chances for first 2 rounds | 10%
  OA: oa: creating opportunities 90% chance to cause a hull breach for 3 rounds when hitting with a critical hit | 90% at R5
  Tags: [crit, applies:breach]
- James T. Kirk (CMD R5, ENTERPRISE CREW)
  CM: cm: leader 0% to all officer stats when the ship has morale | 40%
  OA: oa: inspirational 80% chance to inspire morale to his ship each round for 2 rounds.
  Tags: [stat_boost, applies:morale, benefits:morale]
- LORCA (SCI R5, NEXT GEN, synergy: 50%/25%)
  CM: Decrease opponents damge if they have Hull Breach | 10%
  OA: oa: the dancing doctor +12% to the effectiveness of the captain maneuver | 12% at R5
  Tags: [applies:breach, benefits:breach]
- Damar (ENG R3, INTERCEPTOR STRIKE TEAM, synergy: 3%/2%)
  CM: When on an Interceptor and fighting a player with Hull Breach, when scoring a critical, increases Critical Hit Chance | 2%
  OA: oa:  | 35% at R3
  Tags: [crit, benefits:breach]
- Worf (CMD R3, TNG CREW, synergy: 15%/10%)
  CM: After winning a battle, Worf increases the Warp Speed of the ship. This bonus does not stack, and is removed when returning to your station. | 70%
  OA: oa: only fools have no fear +80% to all mitigation against non-player targets | 60% at R3
  Tags: [mitigation, cumulative]
- Alexander Marcus (CMD R3, SECTION 31, synergy: 10%/5%)
  CM: Chance to inspire morale when opponent's HHP is under 80% | 100%
  OA: oa: shady methods 800% of the crew's defense bonus to shield piercing | 400% at R3
  Tags: [shield_pierce, shield, applies:morale]
- Carol Freeman (CMD R3, LOWER DECKS CREW, synergy: 5%/5%)
  CM: On combat start against Players, Increase shots | 100%
  OA: oa: cerritos strong! on round start, if the enemy player has any state, carol freeman increases your isolytic cascade damage by +110% for 1 round. | 90% at R3
  Tags: [extra_shots, isolytic, benefits:assimilate, benefits:breach, benefits:burning, benefits:morale]
- Mirror Picard (CMD R3, MIRROR UNIVERSE, synergy: 50%/25%)
  CM: On round start against players, increases Isolytic Cascade | 50%
  OA: oa: anticollective on round start against players with assimilate, mirror picard increases your apex barrier by {2:#} for 1 round. | 17000 at R3
  Tags: [apex_barrier, isolytic, benefits:assimilate]
- Mirror Kira (CMD R2, MIRROR UNIVERSE, synergy: 150000%/150000%)
  CM: On round start against players, increases Apex Barrier for 5 rounds (cumulative) | 1500
  OA: oa: apex barrier provides <b>true damage mitigation</b> from all sources <i>after</i> all other bonuses. every 100 apex barrier increases the damage you can take by 1%. | 20% at R2
  Tags: [mitigation, apex_barrier, cumulative, benefits:assimilate]

Focus on: devastating opening strikes, crit multipliers, speed advantages. End fights quickly.

Build 2-3 crews. Each crew = 1 captain + 2 bridge officers.
You may ONLY use names from the numbered list above. Do NOT use any other names.
Return JSON: {"crews":[{"captain":"NAME","bridge":["NAME","NAME"],"reasoning":"why"}]}

=== GROUP RESULT: PvP on Interceptor ===
ok=1 error=''
crews parsed: 3
history_id: 1775449340-8350
response:
```json
{
  "crews": [
    {
      "captain": "Mirror Picard",
      "bridge": ["Gorkon", "Carol Freeman"],
      "reasoning": "Mirror Picard's CM boosts Isolytic Cascade by 50% at round start against players - perfect for devastating opening strikes. Gorkon provides +10% crit chance for first 2 rounds and 90% chance to apply hull breach on crits. Carol Freeman adds extra shots on combat start and gets +90% isolytic cascade damage when enemy has any state (like Gorkon's breach), creating a powerful synergy for massive opening damage."
    },
    {
      "captain": "Gorkon",
      "bridge": ["Damar", "LORCA"],
      "reasoning": "Gorkon as captain provides +10% crit chance for first 2 rounds and applies hull breach on 90% of crits. Damar synergizes perfectly - when on Interceptor fighting players with hull breach, scoring crits increases crit chance by 2% (stacking effect). LORCA reduces opponent damage by 10% when they have hull breach and boosts captain maneuver effectiveness by 12%, 

=== GROUP QUERY: PvP vs Explorer (13 officers) ===
sys_prompt length: 1784
user_prompt length: 4098
total prompt: 5882 chars
--- SYSTEM PROMPT ---
You are an expert STFC (Star Trek Fleet Command) crew advisor. This is a MOBILE GAME by Scopely.

CREW MECHANICS:
- 1 Captain (CM fires ONCE at battle start) + 2 Bridge (OA always active) + optional Below Decks (BDA passive).
- Synergy: officers in the same group ('g' field) get bonus stats together.
- State chains: one officer applies a state via CM, another benefits via OA. Very powerful.

DATA FORMAT: n=name, rk=rank, g=group, cm=captain_maneuver, oa=officer_ability, bd=below_decks, t=tags

RULES:
1. ONLY use officer names from the provided list (these are OWNED officers).
2. Each crew = 1 captain + 2 bridge. No repeats across crews.
3. For each crew: explain WHY this captain (CM effect) and WHY each bridge (OA effect).

FOCUS: PvP crews optimized for KILLING EXPLORERS.
Explorers have strong shields. Prioritize shield piercing, shield drain, and abilities that bypass or strip shields.
The triangle advantage: Interceptors beat Explorers, so consider crews that amplify the Interceptor advantage or negate Explorer shield strength.

Respond with ONLY valid JSON. Use EXACTLY this format:
{"crews":[{"captain":"NAME","bridge":["NAME","NAME"],"reasoning":"why"}]}
CRITICAL: captain and bridge values must be plain strings (exact names from the list), NOT objects.
Example: {"crews":[{"captain":"T'Pring","bridge":["Tuvok","Yuki Sulu"],"reasoning":"explain why"}]}
IMPORTANT: You may ONLY use names from the officer list provided. Do NOT invent names.

--- CURRENT META KNOWLEDGE (from game experts) ---
Countering Explorers requires Shield Piercing or Shield Stripping (Yuki) to expose their hull to Isolytic damage.
--- END META KNOWLEDGE ---
Use the meta knowledge above to guide your crew choices. Prioritize synergies and captain choices that match the current meta.

--- USER PROMPT ---
Pick crews from ONLY these 13 officers:
- T'Pring (CMD R5, SURVEYORS & MINERS, synergy: 30%/20%)
  CM: Increase Mining Speed (Gas) | 40%
  OA: oa: hidden stash +300% to protected cargo | 300% at R5
- Tuvok (SCI R5, VOYAGER) [BDA]
  CM: (Below Decks — no captain maneuver)
  OA: oa: artifact analysis +200% to artifact tokens gained from formation armadas. | 200% at R5
  BDA: Increases Voyager's Max Cargo Capacity | 400% at R5
- Yuki Sulu (ENG R5, SECTION 31, synergy: 5%/2%)
  CM: Decrease the shield Health of the opponent's ship each round | 10%
  OA: oa: romulan grudge 500% of the crew's health bonus to damage against romulans | 500% at R5
  Tags: [shield]
- Gorkon (CMD R5, KLINGON PATRIOTS, synergy: 10%/5%)
  CM: Increase Critical Hit Chances for first 2 rounds | 10%
  OA: oa: creating opportunities 90% chance to cause a hull breach for 3 rounds when hitting with a critical hit | 90% at R5
  Tags: [crit, applies:breach]
- LORCA (SCI R5, NEXT GEN, synergy: 50%/25%)
  CM: Decrease opponents damge if they have Hull Breach | 10%
  OA: oa: the dancing doctor +12% to the effectiveness of the captain maneuver | 12% at R5
  Tags: [applies:breach, benefits:breach]
- Damar (ENG R3, INTERCEPTOR STRIKE TEAM, synergy: 3%/2%)
  CM: When on an Interceptor and fighting a player with Hull Breach, when scoring a critical, increases Critical Hit Chance | 2%
  OA: oa:  | 35% at R3
  Tags: [crit, benefits:breach]
- Worf (CMD R3, TNG CREW, synergy: 15%/10%)
  CM: After winning a battle, Worf increases the Warp Speed of the ship. This bonus does not stack, and is removed when returning to your station. | 70%
  OA: oa: only fools have no fear +80% to all mitigation against non-player targets | 60% at R3
  Tags: [mitigation, cumulative]
- Alexander Marcus (CMD R3, SECTION 31, synergy: 10%/5%)
  CM: Chance to inspire morale when opponent's HHP is under 80% | 100%
  OA: oa: shady methods 800% of the crew's defense bonus to shield piercing | 400% at R3
  Tags: [shield_pierce, shield, applies:morale]
- Carol Freeman (CMD R3, LOWER DECKS CREW, synergy: 5%/5%)
  CM: On combat start against Players, Increase shots | 100%
  OA: oa: cerritos strong! on round start, if the enemy player has any state, carol freeman increases your isolytic cascade damage by +110% for 1 round. | 90% at R3
  Tags: [extra_shots, isolytic, benefits:assimilate, benefits:breach, benefits:burning, benefits:morale]
- Gul Dukat (CMD R3, INTERCEPTOR STRIKE TEAM, synergy: 40%/20%)
  CM: While on an Interceptor fighting a player, at the start of a round, chance to apply Hull Breach for 3 rounds. | 100%
  OA: oa:  | 35% at R3
  Tags: [applies:breach, benefits:breach]
- Mirror Picard (CMD R3, MIRROR UNIVERSE, synergy: 50%/25%)
  CM: On round start against players, increases Isolytic Cascade | 50%
  OA: oa: anticollective on round start against players with assimilate, mirror picard increases your apex barrier by {2:#} for 1 round. | 17000 at R3
  Tags: [apex_barrier, isolytic, benefits:assimilate]
- Weyoun (CMD R3, EXPLORER STRIKE TEAM, synergy: 40%/10%)
  CM: On round start, chance to apply Morale for 3 rounds when fighting against a player, if on an Explorer | 100%
  OA: oa: manipulate, cajole, deceive increases weapon shots by +100% at the start of each round for 2 rounds when fighting players, if on an explorer with morale. | 88% at R3
  Tags: [extra_shots, applies:morale, benefits:morale]
- Mirror Kira (CMD R2, MIRROR UNIVERSE, synergy: 150000%/150000%)
  CM: On round start against players, increases Apex Barrier for 5 rounds (cumulative) | 1500
  OA: oa: apex barrier provides <b>true damage mitigation</b> from all sources <i>after</i> all other bonuses. every 100 apex barrier increases the damage you can take by 1%. | 20% at R2
  Tags: [mitigation, apex_barrier, cumulative, benefits:assimilate]

Focus on: shield piercing, shield drain, bypass/strip shields.

Build 2-3 crews. Each crew = 1 captain + 2 bridge officers.
You may ONLY use names from the numbered list above. Do NOT use any other names.
Return JSON: {"crews":[{"captain":"NAME","bridge":["NAME","NAME"],"reasoning":"why"}]}

=== GROUP RESULT: PvP vs Explorer ===
ok=1 error=''
crews parsed: 3
history_id: 1775449348-3880
response:
```json
{
  "crews": [
    {
      "captain": "Yuki Sulu",
      "bridge": ["Alexander Marcus", "Carol Freeman"],
      "reasoning": "Yuki Sulu as captain strips 10% shield health each round, directly countering Explorer shields. Alexander Marcus provides 400% shield piercing from defense bonus, bypassing remaining shields. Carol Freeman adds extra shots and 90% isolytic cascade damage when enemy has any state, creating devastating damage once shields are compromised."
    },
    {
      "captain": "Gul Dukat",
      "bridge": ["Gorkon", "Carol Freeman"],
      "reasoning": "Gul Dukat applies Hull Breach at round start when on Interceptor vs players, exploiting the triangle advantage. Gorkon increases crit chance first 2 rounds and has 90% chance to cause Hull Breach on crits. Carol Freeman provides extra shots and massive isolytic damage bonus when enemy has Hull Breach state, creating a devastating breach-focused combo."
    },
    {
      "captain": "Mirror Picard",
      "bridge": 

=== GROUP QUERY: PvP vs Battleship (12 officers) ===
sys_prompt length: 1768
user_prompt length: 3826
total prompt: 5594 chars
--- SYSTEM PROMPT ---
You are an expert STFC (Star Trek Fleet Command) crew advisor. This is a MOBILE GAME by Scopely.

CREW MECHANICS:
- 1 Captain (CM fires ONCE at battle start) + 2 Bridge (OA always active) + optional Below Decks (BDA passive).
- Synergy: officers in the same group ('g' field) get bonus stats together.
- State chains: one officer applies a state via CM, another benefits via OA. Very powerful.

DATA FORMAT: n=name, rk=rank, g=group, cm=captain_maneuver, oa=officer_ability, bd=below_decks, t=tags

RULES:
1. ONLY use officer names from the provided list (these are OWNED officers).
2. Each crew = 1 captain + 2 bridge. No repeats across crews.
3. For each crew: explain WHY this captain (CM effect) and WHY each bridge (OA effect).

FOCUS: PvP crews optimized for KILLING BATTLESHIPS.
Battleships have heavy armor/hull. Prioritize armor piercing, hull damage, and abilities that reduce armor effectiveness.
The triangle advantage: Explorers beat Battleships, so consider crews that amplify Explorer advantages or bypass Battleship armor.

Respond with ONLY valid JSON. Use EXACTLY this format:
{"crews":[{"captain":"NAME","bridge":["NAME","NAME"],"reasoning":"why"}]}
CRITICAL: captain and bridge values must be plain strings (exact names from the list), NOT objects.
Example: {"crews":[{"captain":"Spock","bridge":["Tuvok","Yuki Sulu"],"reasoning":"explain why"}]}
IMPORTANT: You may ONLY use names from the officer list provided. Do NOT invent names.

--- CURRENT META KNOWLEDGE (from game experts) ---
To kill Battleships, you must apply Hull Breach and high Armor Piercing to negate their massive mitigation.
--- END META KNOWLEDGE ---
Use the meta knowledge above to guide your crew choices. Prioritize synergies and captain choices that match the current meta.

--- USER PROMPT ---
Pick crews from ONLY these 12 officers:
- Spock (SCI R5, ENTERPRISE CREW, synergy: 10%/5%)
  CM: Increase Accuracy at the start of each round | 15%
  OA: oa: illogical 750% of total officer defense on the ship restored to the shield when having morale | 750% at R5
  Tags: [shield, stat_boost, benefits:morale]
- Tuvok (SCI R5, VOYAGER) [BDA]
  CM: (Below Decks — no captain maneuver)
  OA: oa: artifact analysis +200% to artifact tokens gained from formation armadas. | 200% at R5
  BDA: Increases Voyager's Max Cargo Capacity | 400% at R5
- Yuki Sulu (ENG R5, SECTION 31, synergy: 5%/2%)
  CM: Decrease the shield Health of the opponent's ship each round | 10%
  OA: oa: romulan grudge 500% of the crew's health bonus to damage against romulans | 500% at R5
  Tags: [shield]
- Gorkon (CMD R5, KLINGON PATRIOTS, synergy: 10%/5%)
  CM: Increase Critical Hit Chances for first 2 rounds | 10%
  OA: oa: creating opportunities 90% chance to cause a hull breach for 3 rounds when hitting with a critical hit | 90% at R5
  Tags: [crit, applies:breach]
- LORCA (SCI R5, NEXT GEN, synergy: 50%/25%)
  CM: Decrease opponents damge if they have Hull Breach | 10%
  OA: oa: the dancing doctor +12% to the effectiveness of the captain maneuver | 12% at R5
  Tags: [applies:breach, benefits:breach]
- Damar (ENG R3, INTERCEPTOR STRIKE TEAM, synergy: 3%/2%)
  CM: When on an Interceptor and fighting a player with Hull Breach, when scoring a critical, increases Critical Hit Chance | 2%
  OA: oa:  | 35% at R3
  Tags: [crit, benefits:breach]
- Worf (CMD R3, TNG CREW, synergy: 15%/10%)
  CM: After winning a battle, Worf increases the Warp Speed of the ship. This bonus does not stack, and is removed when returning to your station. | 70%
  OA: oa: only fools have no fear +80% to all mitigation against non-player targets | 60% at R3
  Tags: [mitigation, cumulative]
- Alexander Marcus (CMD R3, SECTION 31, synergy: 10%/5%)
  CM: Chance to inspire morale when opponent's HHP is under 80% | 100%
  OA: oa: shady methods 800% of the crew's defense bonus to shield piercing | 400% at R3
  Tags: [shield_pierce, shield, applies:morale]
- Carol Freeman (CMD R3, LOWER DECKS CREW, synergy: 5%/5%)
  CM: On combat start against Players, Increase shots | 100%
  OA: oa: cerritos strong! on round start, if the enemy player has any state, carol freeman increases your isolytic cascade damage by +110% for 1 round. | 90% at R3
  Tags: [extra_shots, isolytic, benefits:assimilate, benefits:breach, benefits:burning, benefits:morale]
- Gul Dukat (CMD R3, INTERCEPTOR STRIKE TEAM, synergy: 40%/20%)
  CM: While on an Interceptor fighting a player, at the start of a round, chance to apply Hull Breach for 3 rounds. | 100%
  OA: oa:  | 35% at R3
  Tags: [applies:breach, benefits:breach]
- Mirror Picard (CMD R3, MIRROR UNIVERSE, synergy: 50%/25%)
  CM: On round start against players, increases Isolytic Cascade | 50%
  OA: oa: anticollective on round start against players with assimilate, mirror picard increases your apex barrier by {2:#} for 1 round. | 17000 at R3
  Tags: [apex_barrier, isolytic, benefits:assimilate]
- Mirror Kira (CMD R2, MIRROR UNIVERSE, synergy: 150000%/150000%)
  CM: On round start against players, increases Apex Barrier for 5 rounds (cumulative) | 1500
  OA: oa: apex barrier provides <b>true damage mitigation</b> from all sources <i>after</i> all other bonuses. every 100 apex barrier increases the damage you can take by 1%. | 20% at R2
  Tags: [mitigation, apex_barrier, cumulative, benefits:assimilate]

Focus on: armor piercing, hull damage, abilities that reduce armor effectiveness.

Build 2-3 crews. Each crew = 1 captain + 2 bridge officers.
You may ONLY use names from the numbered list above. Do NOT use any other names.
Return JSON: {"crews":[{"captain":"NAME","bridge":["NAME","NAME"],"reasoning":"why"}]}

=== GROUP RESULT: PvP vs Battleship ===
ok=1 error=''
crews parsed: 3
history_id: 1775449357-3071
response:
```json
{
  "crews": [
    {
      "captain": "Gorkon",
      "bridge": ["Gul Dukat", "LORCA"],
      "reasoning": "Gorkon's CM increases critical hit chances for first 2 rounds, which synergizes perfectly with his OA that has 90% chance to cause hull breach on critical hits. Gul Dukat's OA provides additional hull breach application chance, while LORCA's OA boosts captain maneuver effectiveness by 12%, making Gorkon's critical hit bonus even stronger. This creates a powerful hull breach application engine essential for killing battleships."
    },
    {
      "captain": "Mirror Picard",
      "bridge": ["Carol Freeman", "Mirror Kira"],
      "reasoning": "Mirror Picard's CM increases Isolytic Cascade damage by 50% against players, which bypasses armor entirely. Carol Freeman's CM provides extra shots (100% increase) for more damage output, and her OA boosts isolytic cascade damage by 90% when enemy has any state. Mirror Kira's OA provides apex barrier true damage mitigation, keeping t

=== GROUP QUERY: PvP vs Interceptor (11 officers) ===
sys_prompt length: 1856
user_prompt length: 3749
total prompt: 5605 chars
--- SYSTEM PROMPT ---
You are an expert STFC (Star Trek Fleet Command) crew advisor. This is a MOBILE GAME by Scopely.

CREW MECHANICS:
- 1 Captain (CM fires ONCE at battle start) + 2 Bridge (OA always active) + optional Below Decks (BDA passive).
- Synergy: officers in the same group ('g' field) get bonus stats together.
- State chains: one officer applies a state via CM, another benefits via OA. Very powerful.

DATA FORMAT: n=name, rk=rank, g=group, cm=captain_maneuver, oa=officer_ability, bd=below_decks, t=tags

RULES:
1. ONLY use officer names from the provided list (these are OWNED officers).
2. Each crew = 1 captain + 2 bridge. No repeats across crews.
3. For each crew: explain WHY this captain (CM effect) and WHY each bridge (OA effect).

FOCUS: PvP crews optimized for KILLING INTERCEPTORS.
Interceptors are fast and crit-heavy but fragile. Prioritize damage mitigation against crits, accuracy to hit fast targets, and front-loaded damage to destroy them quickly.
The triangle advantage: Battleships beat Interceptors, so consider crews that amplify Battleship firepower or reduce incoming crit damage.

Respond with ONLY valid JSON. Use EXACTLY this format:
{"crews":[{"captain":"NAME","bridge":["NAME","NAME"],"reasoning":"why"}]}
CRITICAL: captain and bridge values must be plain strings (exact names from the list), NOT objects.
Example: {"crews":[{"captain":"Tuvok","bridge":["Gorkon","James T. Kirk"],"reasoning":"explain why"}]}
IMPORTANT: You may ONLY use names from the officer list provided. Do NOT invent names.

--- CURRENT META KNOWLEDGE (from game experts) ---
Defeating Interceptors requires high Accuracy to overcome Dodge and Apex Barriers to survive their initial critical hit onslaught.
--- END META KNOWLEDGE ---
Use the meta knowledge above to guide your crew choices. Prioritize synergies and captain choices that match the current meta.

--- USER PROMPT ---
Pick crews from ONLY these 11 officers:
- Tuvok (SCI R5, VOYAGER) [BDA]
  CM: (Below Decks — no captain maneuver)
  OA: oa: artifact analysis +200% to artifact tokens gained from formation armadas. | 200% at R5
  BDA: Increases Voyager's Max Cargo Capacity | 400% at R5
- Gorkon (CMD R5, KLINGON PATRIOTS, synergy: 10%/5%)
  CM: Increase Critical Hit Chances for first 2 rounds | 10%
  OA: oa: creating opportunities 90% chance to cause a hull breach for 3 rounds when hitting with a critical hit | 90% at R5
  Tags: [crit, applies:breach]
- James T. Kirk (CMD R5, ENTERPRISE CREW)
  CM: cm: leader 0% to all officer stats when the ship has morale | 40%
  OA: oa: inspirational 80% chance to inspire morale to his ship each round for 2 rounds.
  Tags: [stat_boost, applies:morale, benefits:morale]
- LORCA (SCI R5, NEXT GEN, synergy: 50%/25%)
  CM: Decrease opponents damge if they have Hull Breach | 10%
  OA: oa: the dancing doctor +12% to the effectiveness of the captain maneuver | 12% at R5
  Tags: [applies:breach, benefits:breach]
- Worf (CMD R3, TNG CREW, synergy: 15%/10%)
  CM: After winning a battle, Worf increases the Warp Speed of the ship. This bonus does not stack, and is removed when returning to your station. | 70%
  OA: oa: only fools have no fear +80% to all mitigation against non-player targets | 60% at R3
  Tags: [mitigation, cumulative]
- Alexander Marcus (CMD R3, SECTION 31, synergy: 10%/5%)
  CM: Chance to inspire morale when opponent's HHP is under 80% | 100%
  OA: oa: shady methods 800% of the crew's defense bonus to shield piercing | 400% at R3
  Tags: [shield_pierce, shield, applies:morale]
- Carol Freeman (CMD R3, LOWER DECKS CREW, synergy: 5%/5%)
  CM: On combat start against Players, Increase shots | 100%
  OA: oa: cerritos strong! on round start, if the enemy player has any state, carol freeman increases your isolytic cascade damage by +110% for 1 round. | 90% at R3
  Tags: [extra_shots, isolytic, benefits:assimilate, benefits:breach, benefits:burning, benefits:morale]
- Gul Dukat (CMD R3, INTERCEPTOR STRIKE TEAM, synergy: 40%/20%)
  CM: While on an Interceptor fighting a player, at the start of a round, chance to apply Hull Breach for 3 rounds. | 100%
  OA: oa:  | 35% at R3
  Tags: [applies:breach, benefits:breach]
- Mirror Picard (CMD R3, MIRROR UNIVERSE, synergy: 50%/25%)
  CM: On round start against players, increases Isolytic Cascade | 50%
  OA: oa: anticollective on round start against players with assimilate, mirror picard increases your apex barrier by {2:#} for 1 round. | 17000 at R3
  Tags: [apex_barrier, isolytic, benefits:assimilate]
- Weyoun (CMD R3, EXPLORER STRIKE TEAM, synergy: 40%/10%)
  CM: On round start, chance to apply Morale for 3 rounds when fighting against a player, if on an Explorer | 100%
  OA: oa: manipulate, cajole, deceive increases weapon shots by +100% at the start of each round for 2 rounds when fighting players, if on an explorer with morale. | 88% at R3
  Tags: [extra_shots, applies:morale, benefits:morale]
- Mirror Kira (CMD R2, MIRROR UNIVERSE, synergy: 150000%/150000%)
  CM: On round start against players, increases Apex Barrier for 5 rounds (cumulative) | 1500
  OA: oa: apex barrier provides <b>true damage mitigation</b> from all sources <i>after</i> all other bonuses. every 100 apex barrier increases the damage you can take by 1%. | 20% at R2
  Tags: [mitigation, apex_barrier, cumulative, benefits:assimilate]

Focus on: anti-crit, accuracy vs fast targets, front-loaded damage to destroy them quickly.

Build 2-3 crews. Each crew = 1 captain + 2 bridge officers.
You may ONLY use names from the numbered list above. Do NOT use any other names.
Return JSON: {"crews":[{"captain":"NAME","bridge":["NAME","NAME"],"reasoning":"why"}]}

=== GROUP RESULT: PvP vs Interceptor ===
ok=1 error=''
crews parsed: 3
history_id: 1775449367-3131
response:
```json
{
  "crews": [
    {
      "captain": "Mirror Kira",
      "bridge": ["Gorkon", "LORCA"],
      "reasoning": "Mirror Kira provides massive Apex Barrier (1500 per round, cumulative) for true damage mitigation against Interceptor crits. Gorkon increases crit chance and applies Hull Breach on crits. LORCA reduces opponent damage when they have Hull Breach and boosts captain maneuver effectiveness by 12%, making Mirror Kira's barrier even stronger. This creates a defensive wall while setting up breach damage."
    },
    {
      "captain": "Carol Freeman",
      "bridge": ["Mirror Picard", "Alexander Marcus"],
      "reasoning": "Carol Freeman gives 100% extra shots against players for front-loaded damage to quickly destroy fragile Interceptors. Mirror Picard provides Apex Barrier against assimilated targets and boosts Isolytic Cascade damage. Alexander Marcus adds shield piercing and can apply morale when enemy is under 80% health. Freeman also benefits from enemy states with +90%

=== GROUP QUERY: PvE General (16 officers) ===
sys_prompt length: 1845
user_prompt length: 5258
total prompt: 7103 chars
--- SYSTEM PROMPT ---
You are an expert STFC (Star Trek Fleet Command) crew advisor. This is a MOBILE GAME by Scopely.

CREW MECHANICS:
- 1 Captain (CM fires ONCE at battle start) + 2 Bridge (OA always active) + optional Below Decks (BDA passive).
- Synergy: officers in the same group ('g' field) get bonus stats together.
- State chains: one officer applies a state via CM, another benefits via OA. Very powerful.

DATA FORMAT: n=name, rk=rank, g=group, cm=captain_maneuver, oa=officer_ability, bd=below_decks, t=tags

RULES:
1. ONLY use officer names from the provided list (these are OWNED officers).
2. Each crew = 1 captain + 2 bridge. No repeats across crews.
3. For each crew: explain WHY this captain (CM effect) and WHY each bridge (OA effect).

FOCUS: PvE HOSTILE GRINDING crews for daily swarm grinding, general hostiles.
Prioritize sustained damage, survivability, crit damage, extra shots.
Hull repair/shield regen keep you grinding longer without going home to repair.
Captain CM should be a big damage opener. Bridge OA should sustain DPS.

Respond with ONLY valid JSON. Use EXACTLY this format:
{"crews":[{"captain":"NAME","bridge":["NAME","NAME"],"reasoning":"why"}]}
CRITICAL: captain and bridge values must be plain strings (exact names from the list), NOT objects.
Example: {"crews":[{"captain":"Grace Chen","bridge":["Hugh Culber","B'Elanna Torres"],"reasoning":"explain why"}]}
IMPORTANT: You may ONLY use names from the officer list provided. Do NOT invent names.

--- CURRENT META KNOWLEDGE (from game experts) ---
General PvE revolves around mitigation scaling for low-level dailies (Pike/Moreau) and Isolytic damage/critical ramping (Janeway/Suder) for high-level G5/G6 power grinding.
--- END META KNOWLEDGE ---
Use the meta knowledge above to guide your crew choices. Prioritize synergies and captain choices that match the current meta.

--- USER PROMPT ---
Pick crews from ONLY these 16 officers:
- Grace Chen (SCI R5, STARFLEET ACADEMY, synergy: 15%/10%)
  CM: Increase Mitigations against Hostiles | 20%
  OA: oa: energy absorber -30% to energy damage dealt by enemy hostiles | 30% at R5
  Tags: [shield, mitigation]
- Hugh Culber (SCI R5, DISCOVERY CREW, synergy: 50%/25%)
  CM: Health to Armour when defending on a Capture Node | 50%
  OA: oa: learned from the best +25% to jumping and summoning cost efficiency | 25% at R5
  Tags: [mitigation]
- B'Elanna Torres (ENG R5, VOYAGER) [BDA]
  CM: (Below Decks — no captain maneuver)
  OA: oa: me against the galaxy when you take damage from a non-player hostile or armada, b'elanna torres increases your armor piercing, shield piercing, and accuracy by +1500% of attack for 1 round. (cumulative). <i>(weapons with multiple shots will only trigger this ability once per attack.)</i> | 15 at R5
  BDA: Chance to apply Hull Breach to non-player or Armada for 1 round | 100% at R5
  Tags: [shield_pierce, armor_pierce, shield, mitigation, extra_shots, cumulative, applies:breach]
- Marlena Moreau (SCI R5, SHAKEDOWN CRUISE)
  CM: cm: keep going 0% of shield health healed after winning | 40%
  OA: oa: no fear -70% to armor piercing, shield piercing and accuracy of hostiles.
  Tags: [shield_pierce, armor_pierce, shield, mitigation]
- Nyota Uhura (ENG R5, ENTERPRISE CREW, synergy: 20%/10%)
  CM: Chance to delay opponent's fire by 1 round when own shield is deleted | 100%
  OA: oa: target that signal +80% to this ship's accuracy | 80% at R5
  Tags: [shield]
- SNW Erica Ortegas (SCI R5, STRANGE NEW WORLDS, synergy: 10%/5%)
  CM: When fighting hostiles, SNW Ortegas increases critical hit chance against hostiles | 15%
  OA: oa: frequency plating increase armor, shield deflection, and dodge by 1800% of total health when attacking hostile explorers from a battleship. | 18 at R5
  Tags: [crit, shield, mitigation]
- Seven of Eleven (SCI R5, UNIMATRIX TWELVE, synergy: 35%/15%)
  CM: Chance to add 2 shots to each weapon when fighting Borg | 200%
  OA: oa: strengthen the unimatrix +100% to the health of all officers on the ship | 100% at R5
  Tags: [extra_shots, stat_boost]
- Spock (SCI R5, ENTERPRISE CREW, synergy: 10%/5%)
  CM: Increase Accuracy at the start of each round | 15%
  OA: oa: illogical 750% of total officer defense on the ship restored to the shield when having morale | 750% at R5
  Tags: [shield, stat_boost, benefits:morale]
- Five of Eleven (ENG R5, UNIMATRIX TWELVE, synergy: 400%/200%)
  CM: Increase Mitigation by Officer Health | 200%
  OA: oa: you will be assimilated +100% to resources your ship receives from hostiles | 100% at R5
  Tags: [shield, mitigation]
- T'Laan (SCI R5, STARFLEET ACADEMY, synergy: 5%/3%)
  CM: Increase Ship XP from battles | 15%
  OA: oa: objective defense -20% to kinetic damage dealt by enemy hostiles | 20% at R5
- Christopher Pike (CMD R4, SHAKEDOWN CRUISE, synergy: 80%/40%)
  CM: Increase the effectiveness of all Officer Abilities that trigger in combat | 40%
  OA: oa: advanced training +60% to ship xp earned with this ship | 50% at R4
- Kathryn Janeway (CMD R4, VOYAGER, synergy: 7%/7%)
  CM: When you take hull damage from a non-player hostile os Armada, Increase Shield Mitigation for 1 round (cumulative) | 6%
  OA: oa: <i>kathryn janeway receives full synergy bonuses from all voyager officers regardless of class.</i> | 30% at R4
  Tags: [shield, mitigation, extra_shots, cumulative]
- The Doctor (SCI R4, VOYAGER) [BDA]
  CM: (Below Decks — no captain maneuver)
  OA: oa: over my dead program when you take hull damage from a non-player hostile or armada, the doctor increases your armor, shield deflection, and dodge by +2000% of health for 2 rounds. (cumulative). <i>(weapons with multiple shots will only trigger this ability once per attack.)</i> | 12 at R4
  BDA: Increases all resources dropped by hostiles | 35% at R4
  Tags: [shield, mitigation, extra_shots, cumulative]
- Enterprise-E Picard (CMD R3, ENTERPRISE-E, synergy: 40%/20%)
  CM: Increases the rewards gained from Hostiles and Armadas | 60%
  OA: oa: we used to be explorers increases isolytic cascade damage by +10% for 3 rounds each time you hit a non-armada hostile (once per weapon). | 7% at R3
  Tags: [isolytic]
- Suder (ENG R2, VOYAGER 30TH ANNIVERSARY) [BDA]
  CM: (Below Decks — no captain maneuver)
  OA: oa: silence your demons repairs 18% of hull damage taken in the previous round of combat when fighting hostiles. | 15% at R2
  BDA: At the start of combat increases Critical Hit Damage for 5 rounds when fighting hostiles | 45% at R2
- Seska (SCI R2, VOYAGER 30TH ANNIVERSARY) [BDA]
  CM: (Below Decks — no captain maneuver)
  OA: oa: lone operative restores the shield health of your ship every round by 20% when fighting hostiles. | 16% at R2
  BDA: Increases Critical Hit Damage for 4 rounds each time you score a hit (Once per weapon) when fighting hostiles. | 16% at R2
  Tags: [shield]

Focus on: sustained damage, survivability, crit, extra shots, hull/shield regen.

Build 2-3 crews. Each crew = 1 captain + 2 bridge officers.
You may ONLY use names from the numbered list above. Do NOT use any other names.
Return JSON: {"crews":[{"captain":"NAME","bridge":["NAME","NAME"],"reasoning":"why"}]}

=== GROUP RESULT: PvE General ===
ok=1 error=''
crews parsed: 3
history_id: 1775449376-2877
response:
```json
{
  "crews": [
    {
      "captain": "Christopher Pike",
      "bridge": ["Marlena Moreau", "Grace Chen"],
      "reasoning": "Pike's CM boosts all officer abilities by 40%, amplifying Moreau's -70% hostile piercing/accuracy reduction and Grace Chen's -30% energy damage reduction. This creates exceptional mitigation scaling perfect for low-level daily grinding meta. Moreau also provides 40% shield heal after winning to sustain grinding sessions."
    },
    {
      "captain": "Kathryn Janeway",
      "bridge": ["Enterprise-E Picard", "Suder"],
      "reasoning": "Janeway's CM provides cumulative shield mitigation when taking hull damage, synergizing with Picard's isolytic cascade damage stacking (+10% per hit for 3 rounds) for the high-level G5/G6 power grinding meta. Suder repairs 18% hull damage each round and provides +45% crit damage for 5 rounds, ensuring sustained damage and survivability."
    },
    {
      "captain": "SNW Erica Ortegas",
      "bridge": ["Seven of Ele

=== GROUP QUERY: PvE Specialized (17 officers) ===
sys_prompt length: 2050
user_prompt length: 5950
total prompt: 8000 chars
--- SYSTEM PROMPT ---
You are an expert STFC (Star Trek Fleet Command) crew advisor. This is a MOBILE GAME by Scopely.

CREW MECHANICS:
- 1 Captain (CM fires ONCE at battle start) + 2 Bridge (OA always active) + optional Below Decks (BDA passive).
- Synergy: officers in the same group ('g' field) get bonus stats together.
- State chains: one officer applies a state via CM, another benefits via OA. Very powerful.

DATA FORMAT: n=name, rk=rank, g=group, cm=captain_maneuver, oa=officer_ability, bd=below_decks, t=tags

RULES:
1. ONLY use officer names from the provided list (these are OWNED officers).
2. Each crew = 1 captain + 2 bridge. No repeats across crews.
3. For each crew: explain WHY this captain (CM effect) and WHY each bridge (OA effect).

FOCUS: PvE SPECIALIZED HOSTILE crews — borg, eclipse, gorn, xindi, silent enemy, 8472.
Each hostile type has specific mechanics. Match officers to the hostile type:
- vs_borg: borg-specific abilities, assimilation defense
- vs_eclipse: eclipse armada and hostile specialists
- vs_gorn: gorn-specific combat abilities
- vs_xindi: xindi engagement specialists
- vs_silent: silent enemy combat abilities
- vs_8472: species 8472 specialists
Build specialized crews per hostile type where possible.

Respond with ONLY valid JSON. Use EXACTLY this format:
{"crews":[{"captain":"NAME","bridge":["NAME","NAME"],"reasoning":"why"}]}
CRITICAL: captain and bridge values must be plain strings (exact names from the list), NOT objects.
Example: {"crews":[{"captain":"Hugh Culber","bridge":["Severus","Decius"],"reasoning":"explain why"}]}
IMPORTANT: You may ONLY use names from the officer list provided. Do NOT invent names.

--- CURRENT META KNOWLEDGE (from game experts) ---
Specialized PvE requires tailored mechanics: Xindi require shield-bypass mitigation (Archer), while Voyager/Gorn loops rely on Janeway’s Isolytic scaling and loot-multiplying bridge officers.
--- END META KNOWLEDGE ---
Use the meta knowledge above to guide your crew choices. Prioritize synergies and captain choices that match the current meta.

--- USER PROMPT ---
Pick crews from ONLY these 17 officers:
- Hugh Culber (SCI R5, DISCOVERY CREW, synergy: 50%/25%)
  CM: Health to Armour when defending on a Capture Node | 50%
  OA: oa: learned from the best +25% to jumping and summoning cost efficiency | 25% at R5
  Tags: [mitigation]
- Severus (ENG R5, ROMULAN PATRIOTS, synergy: 5%/2%)
  CM: Decrease opponent's Hull Health each round if own ship is burning | 10%
  OA: oa: exploit overheat 60% to damage if the player's ship is burning | 60% at R5
  Tags: [benefits:burning]
- Decius (SCI R5, ROMULAN PATRIOTS, synergy: 30%/20%)
  CM: Increase Accuracy, Armor Piercing and Shield Piercing against stronger ships. | 10%
  OA: oa: honor guard +10% to damage each time the ship gets hit | 10% at R5
  Tags: [shield_pierce, armor_pierce, shield, mitigation]
- Tom Paris (ENG R5, VOYAGER) [BDA]
  CM: (Below Decks — no captain maneuver)
  OA: oa: too stubborn to die when you take damage from a non-player hostile or armada, tom paris increases your critical hit damage by +25% for 1 round. (cumulative). <i>(weapons with multiple shots will only trigger this ability once per attack.)</i> | 25% at R5
  BDA: At the start of combat against a non-player hostile or Armadas, increase your Armor, Shield Deflection and Dodge by a % of Defence | 500% at R5
  Tags: [crit, extra_shots, cumulative]
- Marlena Moreau (SCI R5, SHAKEDOWN CRUISE)
  CM: cm: keep going 0% of shield health healed after winning | 40%
  OA: oa: no fear -70% to armor piercing, shield piercing and accuracy of hostiles.
  Tags: [shield_pierce, armor_pierce, shield, mitigation]
- Neelix (SCI R5, VOYAGER) [BDA]
  CM: (Below Decks — no captain maneuver)
  OA: oa: procurement consultant +130% to active ability cost efficiency while on the u.s.s. voyager. | 130% at R5
  BDA: Chance to cause Burning versus non-player hostiles and Armadas, does not trigger with Tal on the bridge. | 100% at R5
  Tags: [applies:burning]
- Five of Eleven (ENG R5, UNIMATRIX TWELVE, synergy: 400%/200%)
  CM: Increase Mitigation by Officer Health | 200%
  OA: oa: you will be assimilated +100% to resources your ship receives from hostiles | 100% at R5
  Tags: [shield, mitigation]
- T'Laan (SCI R5, STARFLEET ACADEMY, synergy: 5%/3%)
  CM: Increase Ship XP from battles | 15%
  OA: oa: objective defense -20% to kinetic damage dealt by enemy hostiles | 20% at R5
- Frank Leslie (ENG R4, SHAKEDOWN CRUISE, synergy: 5%/2%)
  CM: Restore Hull Health when under 35% of starting value | 5%
  OA: oa: battleship trainer +60% to ship xp earned on battleships | 50% at R4
- Liviana Charvanek (CMD R4, ROMULAN PATRIOTS, synergy: 10%/5%)
  CM: Chance to cause Burning for 3 rounds when Hull Health is lower than 80% | 100%
  OA: oa: mind games 1600% of the crew's health bonus to armor piercing | 800% at R4
  Tags: [armor_pierce, mitigation, applies:burning]
- The Doctor (SCI R4, VOYAGER) [BDA]
  CM: (Below Decks — no captain maneuver)
  OA: oa: over my dead program when you take hull damage from a non-player hostile or armada, the doctor increases your armor, shield deflection, and dodge by +2000% of health for 2 rounds. (cumulative). <i>(weapons with multiple shots will only trigger this ability once per attack.)</i> | 12 at R4
  BDA: Increases all resources dropped by hostiles | 35% at R4
  Tags: [shield, mitigation, extra_shots, cumulative]
- Christopher Pike (CMD R4, SHAKEDOWN CRUISE, synergy: 80%/40%)
  CM: Increase the effectiveness of all Officer Abilities that trigger in combat | 40%
  OA: oa: advanced training +60% to ship xp earned with this ship | 50% at R4
- Kathryn Janeway (CMD R4, VOYAGER, synergy: 7%/7%)
  CM: When you take hull damage from a non-player hostile os Armada, Increase Shield Mitigation for 1 round (cumulative) | 6%
  OA: oa: <i>kathryn janeway receives full synergy bonuses from all voyager officers regardless of class.</i> | 30% at R4
  Tags: [shield, mitigation, extra_shots, cumulative]
- Jonathan Archer (CMD R3, ENTERPRISE NX-01, synergy: 100%/50%)
  CM: Increase the amount of resources you get from destroying Xindi hostiles | 300%
  OA: oa: faith of the heart when you take damage from a hostile or another player, jonathan archer increases your critical hit damage by 30% for 2 rounds. (this ability can stack) (does not trigger at armadas or assaults) <i>(weapons with multiple shots will only trigger this ability once per attack)</i> | 20% at R3
  Tags: [crit, extra_shots]
- Enterprise-E Picard (CMD R3, ENTERPRISE-E, synergy: 40%/20%)
  CM: Increases the rewards gained from Hostiles and Armadas | 60%
  OA: oa: we used to be explorers increases isolytic cascade damage by +10% for 3 rounds each time you hit a non-armada hostile (once per weapon). | 7% at R3
  Tags: [isolytic]
- Trip Tucker (ENG R3, ENTERPRISE NX-01) [BDA]
  CM: (Below Decks — no captain maneuver)
  OA: oa: things blow up when you take damage from a hostile or another player, trip tucker decreases your opponent's critical damage by 180% for 2 rounds. (this ability can stack) (does not trigger at armadas or assaults) <i>(weapons with multiple shots will only trigger this ability once per attack)</i> | 120% at R3
  BDA: Increases resources dropped from Hirogen and Species 8472 | 80% at R3
  Tags: [crit, extra_shots]
- Phlox (SCI R2, ENTERPRISE NX-01) [BDA]
  CM: (Below Decks — no captain maneuver)
  OA: oa: denobulan threat response on combat start against players and hostiles, phlox reduces the opponent's critical hit chance by 60% , for 8 rounds. (does not trigger at armadas, assaults, or station combat). | 50% at R2
  BDA: Increases the efficiency of charging the Borg Cube's Cutting Beam | 40% at R2
  Tags: [crit]

Focus on: hostile-type-specific abilities. Build per-hostile-type crews.

Build 2-3 crews. Each crew = 1 captain + 2 bridge officers.
You may ONLY use names from the numbered list above. Do NOT use any other names.
Return JSON: {"crews":[{"captain":"NAME","bridge":["NAME","NAME"],"reasoning":"why"}]}

=== GROUP RESULT: PvE Specialized ===
ok=1 error=''
crews parsed: 3
history_id: 1775449388-9178
response:
```json
{
  "crews": [
    {
      "captain": "Jonathan Archer",
      "bridge": ["Trip Tucker", "Phlox"],
      "reasoning": "Specialized Xindi crew. Archer's CM provides 300% increased resources from Xindi hostiles, making him the optimal captain for Xindi farming. Trip Tucker's OA reduces opponent critical damage when taking damage from hostiles, providing crucial survivability. Phlox's OA reduces opponent critical hit chance by 60% for 8 rounds against hostiles, creating a defensive synergy that mitigates Xindi burst damage. All three are Enterprise NX-01 officers with strong synergy bonuses."
    },
    {
      "captain": "Enterprise-E Picard",
      "bridge": ["Tom Paris", "The Doctor"],
      "reasoning": "General hostile farming crew with isolytic scaling. Picard's CM increases rewards from all hostiles and armadas by 60%. His OA builds isolytic cascade damage (+10% for 3 rounds per hit), which scales throughout combat. Tom Paris provides critical hit damage scaling (+25% per d

=== GROUP QUERY: Base Attack (15 officers) ===
sys_prompt length: 1609
user_prompt length: 4706
total prompt: 6315 chars
--- SYSTEM PROMPT ---
You are an expert STFC (Star Trek Fleet Command) crew advisor. This is a MOBILE GAME by Scopely.

CREW MECHANICS:
- 1 Captain (CM fires ONCE at battle start) + 2 Bridge (OA always active) + optional Below Decks (BDA passive).
- Synergy: officers in the same group ('g' field) get bonus stats together.
- State chains: one officer applies a state via CM, another benefits via OA. Very powerful.

DATA FORMAT: n=name, rk=rank, g=group, cm=captain_maneuver, oa=officer_ability, bd=below_decks, t=tags

RULES:
1. ONLY use officer names from the provided list (these are OWNED officers).
2. Each crew = 1 captain + 2 bridge. No repeats across crews.
3. For each crew: explain WHY this captain (CM effect) and WHY each bridge (OA effect).

FOCUS: BASE ATTACK crews. Maximum burst damage, armor piercing. Short fights = overwhelming firepower.

Respond with ONLY valid JSON. Use EXACTLY this format:
{"crews":[{"captain":"NAME","bridge":["NAME","NAME"],"reasoning":"why"}]}
CRITICAL: captain and bridge values must be plain strings (exact names from the list), NOT objects.
Example: {"crews":[{"captain":"Tuvok","bridge":["Yuki Sulu","Gorkon"],"reasoning":"explain why"}]}
IMPORTANT: You may ONLY use names from the officer list provided. Do NOT invent names.

--- CURRENT META KNOWLEDGE (from game experts) ---
Base attacking relies on high shot counts to overwhelm station defenses and Isolytic damage to bypass the massive mitigation of high-level platforms.
--- END META KNOWLEDGE ---
Use the meta knowledge above to guide your crew choices. Prioritize synergies and captain choices that match the current meta.

--- USER PROMPT ---
Pick crews from ONLY these 15 officers:
- Tuvok (SCI R5, VOYAGER) [BDA]
  CM: (Below Decks — no captain maneuver)
  OA: oa: artifact analysis +200% to artifact tokens gained from formation armadas. | 200% at R5
  BDA: Increases Voyager's Max Cargo Capacity | 400% at R5
- Yuki Sulu (ENG R5, SECTION 31, synergy: 5%/2%)
  CM: Decrease the shield Health of the opponent's ship each round | 10%
  OA: oa: romulan grudge 500% of the crew's health bonus to damage against romulans | 500% at R5
  Tags: [shield]
- Gorkon (CMD R5, KLINGON PATRIOTS, synergy: 10%/5%)
  CM: Increase Critical Hit Chances for first 2 rounds | 10%
  OA: oa: creating opportunities 90% chance to cause a hull breach for 3 rounds when hitting with a critical hit | 90% at R5
  Tags: [crit, applies:breach]
- Khan Noonien Singh (CMD R5, KHAN'S CREW, synergy: 25%/10%)
  CM: Chance to dramatically Decrease opponent's station and ship mitigation for 2 rounds | 10
  OA: oa: savage tenacity +5% to critical hit chances every time the ship gets hit | 5% at R5
  Tags: [crit, mitigation]
- LORCA (SCI R5, NEXT GEN, synergy: 50%/25%)
  CM: Decrease opponents damge if they have Hull Breach | 10%
  OA: oa: the dancing doctor +12% to the effectiveness of the captain maneuver | 12% at R5
  Tags: [applies:breach, benefits:breach]
- Damar (ENG R3, INTERCEPTOR STRIKE TEAM, synergy: 3%/2%)
  CM: When on an Interceptor and fighting a player with Hull Breach, when scoring a critical, increases Critical Hit Chance | 2%
  OA: oa:  | 35% at R3
  Tags: [crit, benefits:breach]
- Kira Nerys (CMD R3, DEEP SPACE NINE) [BDA]
  CM: (Below Decks — no captain maneuver)
  OA: oa: steel determination kira nerys decreases shield mitigation by 8% at an assault. | 6% at R3
  BDA: Reduce opponent player Critical Hit Chance | 20% at R3
  Tags: [shield, mitigation]
- Worf (CMD R3, TNG CREW, synergy: 15%/10%)
  CM: After winning a battle, Worf increases the Warp Speed of the ship. This bonus does not stack, and is removed when returning to your station. | 70%
  OA: oa: only fools have no fear +80% to all mitigation against non-player targets | 60% at R3
  Tags: [mitigation, cumulative]
- Alexander Marcus (CMD R3, SECTION 31, synergy: 10%/5%)
  CM: Chance to inspire morale when opponent's HHP is under 80% | 100%
  OA: oa: shady methods 800% of the crew's defense bonus to shield piercing | 400% at R3
  Tags: [shield_pierce, shield, applies:morale]
- Carol Freeman (CMD R3, LOWER DECKS CREW, synergy: 5%/5%)
  CM: On combat start against Players, Increase shots | 100%
  OA: oa: cerritos strong! on round start, if the enemy player has any state, carol freeman increases your isolytic cascade damage by +110% for 1 round. | 90% at R3
  Tags: [extra_shots, isolytic, benefits:assimilate, benefits:breach, benefits:burning, benefits:morale]
- Gul Dukat (CMD R3, INTERCEPTOR STRIKE TEAM, synergy: 40%/20%)
  CM: While on an Interceptor fighting a player, at the start of a round, chance to apply Hull Breach for 3 rounds. | 100%
  OA: oa:  | 35% at R3
  Tags: [applies:breach, benefits:breach]
- Mirror Picard (CMD R3, MIRROR UNIVERSE, synergy: 50%/25%)
  CM: On round start against players, increases Isolytic Cascade | 50%
  OA: oa: anticollective on round start against players with assimilate, mirror picard increases your apex barrier by {2:#} for 1 round. | 17000 at R3
  Tags: [apex_barrier, isolytic, benefits:assimilate]
- Weyoun (CMD R3, EXPLORER STRIKE TEAM, synergy: 40%/10%)
  CM: On round start, chance to apply Morale for 3 rounds when fighting against a player, if on an Explorer | 100%
  OA: oa: manipulate, cajole, deceive increases weapon shots by +100% at the start of each round for 2 rounds when fighting players, if on an explorer with morale. | 88% at R3
  Tags: [extra_shots, applies:morale, benefits:morale]
- John Harrison (SCI R2, SECTION 31, synergy: 20%/10%)
  CM: Increase Damage against Explorers | 20%
  OA: oa: sabotage 80% of the opponent's shield ignored for the first round | 70% at R2
  Tags: [shield]
- Mirror Kira (CMD R2, MIRROR UNIVERSE, synergy: 150000%/150000%)
  CM: On round start against players, increases Apex Barrier for 5 rounds (cumulative) | 1500
  OA: oa: apex barrier provides <b>true damage mitigation</b> from all sources <i>after</i> all other bonuses. every 100 apex barrier increases the damage you can take by 1%. | 20% at R2
  Tags: [mitigation, apex_barrier, cumulative, benefits:assimilate]

Focus on: maximum burst damage, armor piercing, shield piercing.

Build 2-3 crews. Each crew = 1 captain + 2 bridge officers.
You may ONLY use names from the numbered list above. Do NOT use any other names.
Return JSON: {"crews":[{"captain":"NAME","bridge":["NAME","NAME"],"reasoning":"why"}]}

=== GROUP RESULT: Base Attack ===
ok=1 error=''
crews parsed: 3
history_id: 1775449397-2000
response:
```json
{
  "crews": [
    {
      "captain": "Carol Freeman",
      "bridge": ["Gorkon", "Khan Noonien Singh"],
      "reasoning": "Carol Freeman's CM provides +100% shots against players for maximum burst damage. Gorkon's OA gives 90% chance for hull breach on crits, which Khan's OA benefits from by gaining +5% crit chance when hit. Khan's mitigation reduction CM helps armor piercing. This creates a devastating burst combo with extra shots, high crit chance, and breach application."
    },
    {
      "captain": "Mirror Picard",
      "bridge": ["Alexander Marcus", "John Harrison"],
      "reasoning": "Mirror Picard's CM provides +50% Isolytic Cascade damage against players for armor piercing. Alexander Marcus OA gives 400% shield piercing from defense bonus. John Harrison OA ignores 70% of opponent's shield for first round. This crew maximizes both isolytic damage and shield penetration for overwhelming burst damage through defenses."
    },
    {
      "captain": "Gul Dukat",
     

=== GROUP QUERY: Base Defend (14 officers) ===
sys_prompt length: 1597
user_prompt length: 4449
total prompt: 6046 chars
--- SYSTEM PROMPT ---
You are an expert STFC (Star Trek Fleet Command) crew advisor. This is a MOBILE GAME by Scopely.

CREW MECHANICS:
- 1 Captain (CM fires ONCE at battle start) + 2 Bridge (OA always active) + optional Below Decks (BDA passive).
- Synergy: officers in the same group ('g' field) get bonus stats together.
- State chains: one officer applies a state via CM, another benefits via OA. Very powerful.

DATA FORMAT: n=name, rk=rank, g=group, cm=captain_maneuver, oa=officer_ability, bd=below_decks, t=tags

RULES:
1. ONLY use officer names from the provided list (these are OWNED officers).
2. Each crew = 1 captain + 2 bridge. No repeats across crews.
3. For each crew: explain WHY this captain (CM effect) and WHY each bridge (OA effect).

FOCUS: BASE DEFENSE crews. Damage mitigation, shields, repair, sustained defense.

Respond with ONLY valid JSON. Use EXACTLY this format:
{"crews":[{"captain":"NAME","bridge":["NAME","NAME"],"reasoning":"why"}]}
CRITICAL: captain and bridge values must be plain strings (exact names from the list), NOT objects.
Example: {"crews":[{"captain":"Nyota Uhura","bridge":["Spock","Tuvok"],"reasoning":"explain why"}]}
IMPORTANT: You may ONLY use names from the officer list provided. Do NOT invent names.

--- CURRENT META KNOWLEDGE (from game experts) ---
Station defense is currently defined by the Mirror Universe meta, prioritizing Apex Barriers and Isolytic mitigation to outlast the attacker's initial burst.
--- END META KNOWLEDGE ---
Use the meta knowledge above to guide your crew choices. Prioritize synergies and captain choices that match the current meta.

--- USER PROMPT ---
Pick crews from ONLY these 14 officers:
- Nyota Uhura (ENG R5, ENTERPRISE CREW, synergy: 20%/10%)
  CM: Chance to delay opponent's fire by 1 round when own shield is deleted | 100%
  OA: oa: target that signal +80% to this ship's accuracy | 80% at R5
  Tags: [shield]
- Spock (SCI R5, ENTERPRISE CREW, synergy: 10%/5%)
  CM: Increase Accuracy at the start of each round | 15%
  OA: oa: illogical 750% of total officer defense on the ship restored to the shield when having morale | 750% at R5
  Tags: [shield, stat_boost, benefits:morale]
- Tuvok (SCI R5, VOYAGER) [BDA]
  CM: (Below Decks — no captain maneuver)
  OA: oa: artifact analysis +200% to artifact tokens gained from formation armadas. | 200% at R5
  BDA: Increases Voyager's Max Cargo Capacity | 400% at R5
- Yuki Sulu (ENG R5, SECTION 31, synergy: 5%/2%)
  CM: Decrease the shield Health of the opponent's ship each round | 10%
  OA: oa: romulan grudge 500% of the crew's health bonus to damage against romulans | 500% at R5
  Tags: [shield]
- Gorkon (CMD R5, KLINGON PATRIOTS, synergy: 10%/5%)
  CM: Increase Critical Hit Chances for first 2 rounds | 10%
  OA: oa: creating opportunities 90% chance to cause a hull breach for 3 rounds when hitting with a critical hit | 90% at R5
  Tags: [crit, applies:breach]
- James T. Kirk (CMD R5, ENTERPRISE CREW)
  CM: cm: leader 0% to all officer stats when the ship has morale | 40%
  OA: oa: inspirational 80% chance to inspire morale to his ship each round for 2 rounds.
  Tags: [stat_boost, applies:morale, benefits:morale]
- LORCA (SCI R5, NEXT GEN, synergy: 50%/25%)
  CM: Decrease opponents damge if they have Hull Breach | 10%
  OA: oa: the dancing doctor +12% to the effectiveness of the captain maneuver | 12% at R5
  Tags: [applies:breach, benefits:breach]
- Worf (CMD R3, TNG CREW, synergy: 15%/10%)
  CM: After winning a battle, Worf increases the Warp Speed of the ship. This bonus does not stack, and is removed when returning to your station. | 70%
  OA: oa: only fools have no fear +80% to all mitigation against non-player targets | 60% at R3
  Tags: [mitigation, cumulative]
- Alexander Marcus (CMD R3, SECTION 31, synergy: 10%/5%)
  CM: Chance to inspire morale when opponent's HHP is under 80% | 100%
  OA: oa: shady methods 800% of the crew's defense bonus to shield piercing | 400% at R3
  Tags: [shield_pierce, shield, applies:morale]
- Carol Freeman (CMD R3, LOWER DECKS CREW, synergy: 5%/5%)
  CM: On combat start against Players, Increase shots | 100%
  OA: oa: cerritos strong! on round start, if the enemy player has any state, carol freeman increases your isolytic cascade damage by +110% for 1 round. | 90% at R3
  Tags: [extra_shots, isolytic, benefits:assimilate, benefits:breach, benefits:burning, benefits:morale]
- Gul Dukat (CMD R3, INTERCEPTOR STRIKE TEAM, synergy: 40%/20%)
  CM: While on an Interceptor fighting a player, at the start of a round, chance to apply Hull Breach for 3 rounds. | 100%
  OA: oa:  | 35% at R3
  Tags: [applies:breach, benefits:breach]
- Mirror Picard (CMD R3, MIRROR UNIVERSE, synergy: 50%/25%)
  CM: On round start against players, increases Isolytic Cascade | 50%
  OA: oa: anticollective on round start against players with assimilate, mirror picard increases your apex barrier by {2:#} for 1 round. | 17000 at R3
  Tags: [apex_barrier, isolytic, benefits:assimilate]
- Weyoun (CMD R3, EXPLORER STRIKE TEAM, synergy: 40%/10%)
  CM: On round start, chance to apply Morale for 3 rounds when fighting against a player, if on an Explorer | 100%
  OA: oa: manipulate, cajole, deceive increases weapon shots by +100% at the start of each round for 2 rounds when fighting players, if on an explorer with morale. | 88% at R3
  Tags: [extra_shots, applies:morale, benefits:morale]
- Mirror Kira (CMD R2, MIRROR UNIVERSE, synergy: 150000%/150000%)
  CM: On round start against players, increases Apex Barrier for 5 rounds (cumulative) | 1500
  OA: oa: apex barrier provides <b>true damage mitigation</b> from all sources <i>after</i> all other bonuses. every 100 apex barrier increases the damage you can take by 1%. | 20% at R2
  Tags: [mitigation, apex_barrier, cumulative, benefits:assimilate]

Focus on: damage mitigation, shield repair, hull repair.

Build 2-3 crews. Each crew = 1 captain + 2 bridge officers.
You may ONLY use names from the numbered list above. Do NOT use any other names.
Return JSON: {"crews":[{"captain":"NAME","bridge":["NAME","NAME"],"reasoning":"why"}]}

=== GROUP RESULT: Base Defend ===
ok=1 error=''
crews parsed: 3
history_id: 1775449408-1556
response:
```json
{
  "crews": [
    {
      "captain": "Mirror Kira",
      "bridge": ["Mirror Picard", "Spock"],
      "reasoning": "Mirror Kira captain provides cumulative Apex Barrier (+1500 per round for 5 rounds) which is the core of current station defense meta. Mirror Picard bridge adds more Apex Barrier (+17000) against assimilated enemies and Isolytic damage. Spock bridge restores 750% of officer defense to shields when having morale, providing crucial shield sustainability. Mirror Universe synergy between Kira and Picard maximizes defensive effectiveness."
    },
    {
      "captain": "James T. Kirk",
      "bridge": ["Nyota Uhura", "Alexander Marcus"],
      "reasoning": "Kirk captain applies morale (+40% all officer stats when morale active) which enables powerful defensive synergies. Uhura bridge delays opponent fire by 1 round when shields drop (100% chance), buying critical time for repairs. Marcus bridge provides shield piercing and can apply morale when opponent drops below 80

=== GROUP QUERY: Armada (19 officers) ===
sys_prompt length: 1716
user_prompt length: 6091
total prompt: 7807 chars
--- SYSTEM PROMPT ---
You are an expert STFC (Star Trek Fleet Command) crew advisor. This is a MOBILE GAME by Scopely.

CREW MECHANICS:
- 1 Captain (CM fires ONCE at battle start) + 2 Bridge (OA always active) + optional Below Decks (BDA passive).
- Synergy: officers in the same group ('g' field) get bonus stats together.
- State chains: one officer applies a state via CM, another benefits via OA. Very powerful.

DATA FORMAT: n=name, rk=rank, g=group, cm=captain_maneuver, oa=officer_ability, bd=below_decks, t=tags

RULES:
1. ONLY use officer names from the provided list (these are OWNED officers).
2. Each crew = 1 captain + 2 bridge. No repeats across crews.
3. For each crew: explain WHY this captain (CM effect) and WHY each bridge (OA effect).

FOCUS: ARMADA crews. Officers tagged 'armada' get bonuses. Long fights = sustained DPS + survivability.
Note armada subtypes (eclipse, swarm, borg). NEVER use 'non_armada_only' officers.

Respond with ONLY valid JSON. Use EXACTLY this format:
{"crews":[{"captain":"NAME","bridge":["NAME","NAME"],"reasoning":"why"}]}
CRITICAL: captain and bridge values must be plain strings (exact names from the list), NOT objects.
Example: {"crews":[{"captain":"Hugh Culber","bridge":["Nine of Eleven","B'Elanna Torres"],"reasoning":"explain why"}]}
IMPORTANT: You may ONLY use names from the officer list provided. Do NOT invent names.

--- CURRENT META KNOWLEDGE (from game experts) ---
Armada crews focus on long-term scaling, critical hit consistency (Khan/Sela), and Isolytic damage to overcome the massive health pools of epic targets.
--- END META KNOWLEDGE ---
Use the meta knowledge above to guide your crew choices. Prioritize synergies and captain choices that match the current meta.

--- USER PROMPT ---
Pick crews from ONLY these 19 officers:
- Hugh Culber (SCI R5, DISCOVERY CREW, synergy: 50%/25%)
  CM: Health to Armour when defending on a Capture Node | 50%
  OA: oa: learned from the best +25% to jumping and summoning cost efficiency | 25% at R5
  Tags: [mitigation]
- Nine of Eleven (CMD R5, UNIMATRIX TWELVE, synergy: 10%/5%)
  CM: Decrease Borg critical hit chance | 10%
  OA: oa: adapt & overcome +85% to the defense of all officers on the ship | 85% at R5
  Tags: [crit, stat_boost]
- B'Elanna Torres (ENG R5, VOYAGER) [BDA]
  CM: (Below Decks — no captain maneuver)
  OA: oa: me against the galaxy when you take damage from a non-player hostile or armada, b'elanna torres increases your armor piercing, shield piercing, and accuracy by +1500% of attack for 1 round. (cumulative). <i>(weapons with multiple shots will only trigger this ability once per attack.)</i> | 15 at R5
  BDA: Chance to apply Hull Breach to non-player or Armada for 1 round | 100% at R5
  Tags: [shield_pierce, armor_pierce, shield, mitigation, extra_shots, cumulative, applies:breach]
- Marlena Moreau (SCI R5, SHAKEDOWN CRUISE)
  CM: cm: keep going 0% of shield health healed after winning | 40%
  OA: oa: no fear -70% to armor piercing, shield piercing and accuracy of hostiles.
  Tags: [shield_pierce, armor_pierce, shield, mitigation]
- Seven of Eleven (SCI R5, UNIMATRIX TWELVE, synergy: 35%/15%)
  CM: Chance to add 2 shots to each weapon when fighting Borg | 200%
  OA: oa: strengthen the unimatrix +100% to the health of all officers on the ship | 100% at R5
  Tags: [extra_shots, stat_boost]
- Five of Eleven (ENG R5, UNIMATRIX TWELVE, synergy: 400%/200%)
  CM: Increase Mitigation by Officer Health | 200%
  OA: oa: you will be assimilated +100% to resources your ship receives from hostiles | 100% at R5
  Tags: [shield, mitigation]
- Gorkon (CMD R5, KLINGON PATRIOTS, synergy: 10%/5%)
  CM: Increase Critical Hit Chances for first 2 rounds | 10%
  OA: oa: creating opportunities 90% chance to cause a hull breach for 3 rounds when hitting with a critical hit | 90% at R5
  Tags: [crit, applies:breach]
- Khan Noonien Singh (CMD R5, KHAN'S CREW, synergy: 25%/10%)
  CM: Chance to dramatically Decrease opponent's station and ship mitigation for 2 rounds | 10
  OA: oa: savage tenacity +5% to critical hit chances every time the ship gets hit | 5% at R5
  Tags: [crit, mitigation]
- LORCA (SCI R5, NEXT GEN, synergy: 50%/25%)
  CM: Decrease opponents damge if they have Hull Breach | 10%
  OA: oa: the dancing doctor +12% to the effectiveness of the captain maneuver | 12% at R5
  Tags: [applies:breach, benefits:breach]
- Enterprise-E Troi (SCI R4, ENTERPRISE-E) [BDA]
  CM: (Below Decks — no captain maneuver)
  OA: oa: psychoanalysis reduces the opponent's shield health by +1600% of total officer attack at the beginning of each round versus non-armada hostiles. | 12 at R4
  BDA: Increases Critical Hit Damage versus Armadas and Hostiles | 65% at R4
  Tags: [shield, stat_boost]
- Christopher Pike (CMD R4, SHAKEDOWN CRUISE, synergy: 80%/40%)
  CM: Increase the effectiveness of all Officer Abilities that trigger in combat | 40%
  OA: oa: advanced training +60% to ship xp earned with this ship | 50% at R4
- The Doctor (SCI R4, VOYAGER) [BDA]
  CM: (Below Decks — no captain maneuver)
  OA: oa: over my dead program when you take hull damage from a non-player hostile or armada, the doctor increases your armor, shield deflection, and dodge by +2000% of health for 2 rounds. (cumulative). <i>(weapons with multiple shots will only trigger this ability once per attack.)</i> | 12 at R4
  BDA: Increases all resources dropped by hostiles | 35% at R4
  Tags: [shield, mitigation, extra_shots, cumulative]
- Kathryn Janeway (CMD R4, VOYAGER, synergy: 7%/7%)
  CM: When you take hull damage from a non-player hostile os Armada, Increase Shield Mitigation for 1 round (cumulative) | 6%
  OA: oa: <i>kathryn janeway receives full synergy bonuses from all voyager officers regardless of class.</i> | 30% at R4
  Tags: [shield, mitigation, extra_shots, cumulative]
- Six of Eleven (CMD R4, UNIMATRIX TWELVE, synergy: 40%/10%)
  CM: Decrease opponent SHP when hitting by Defence | 20%
  OA: oa: defenses are irrelevant 40% of attack added to penetration values when firing at armada targets | 30% at R4
  Tags: [shield]
- Beverly Crusher (SCI R3, TNG CREW, synergy: 100%/50%)
  CM: When fighting Hostiles and Armadas, restore Shield by % of crew's Health | 200%
  OA: oa: unshakeable moral code +300% of total officer defense added to all mitigation stats when fighting hostiles and armadas | 250% at R3
  Tags: [shield, mitigation, stat_boost]
- Sela (CMD R3, PRIDE OF ROMULUS, synergy: 15%/10%)
  CM: Increase Critical Hit Damage while cloaked | 50%
  OA: oa: civilized persistence when fighting players, -{2:0.#%} to critical hit chance whenever you score a hit. | 4% at R3
  Tags: [crit]
- Enterprise-E Picard (CMD R3, ENTERPRISE-E, synergy: 40%/20%)
  CM: Increases the rewards gained from Hostiles and Armadas | 60%
  OA: oa: we used to be explorers increases isolytic cascade damage by +10% for 3 rounds each time you hit a non-armada hostile (once per weapon). | 7% at R3
  Tags: [isolytic]
- William T. Riker (CMD R3, TNG CREW, synergy: 20%/10%)
  CM: Increases Weapon Damage against Armada Targets (Cumulative) | 100%
  OA: oa: the icarus factor +250% to damage against federation hostiles and federation armadas | 200% at R3
  Tags: [cumulative]
- Suder (ENG R2, VOYAGER 30TH ANNIVERSARY) [BDA]
  CM: (Below Decks — no captain maneuver)
  OA: oa: silence your demons repairs 18% of hull damage taken in the previous round of combat when fighting hostiles. | 15% at R2
  BDA: At the start of combat increases Critical Hit Damage for 5 rounds when fighting hostiles | 45% at R2

Focus on: armada-tagged officers get bonuses. Sustained DPS + survivability.

Build 2-3 crews. Each crew = 1 captain + 2 bridge officers.
You may ONLY use names from the numbered list above. Do NOT use any other names.
Return JSON: {"crews":[{"captain":"NAME","bridge":["NAME","NAME"],"reasoning":"why"}]}

=== GROUP RESULT: Armada ===
ok=1 error=''
crews parsed: 3
history_id: 1775449418-6215
response:
```json
{
  "crews": [
    {
      "captain": "Khan Noonien Singh",
      "bridge": ["Sela", "B'Elanna Torres"],
      "reasoning": "Khan's CM dramatically decreases opponent mitigation for 2 rounds while his OA builds critical hit chance (+5% per hit taken). Sela provides massive critical hit damage while cloaked (+50%), creating a devastating crit-focused combo. B'Elanna Torres as BDA applies Hull Breach (100% chance) and her OA provides massive cumulative damage bonuses (+1500% of attack to armor/shield piercing and accuracy) when taking damage from armadas, perfect for sustained armada fights."
    },
    {
      "captain": "William T. Riker",
      "bridge": ["Beverly Crusher", "Enterprise-E Picard"],
      "reasoning": "Riker's CM provides cumulative weapon damage against armada targets (+100%), scaling throughout long armada fights. Beverly Crusher offers incredible survivability with shield restoration (200% of crew health) and massive mitigation bonuses (+250% of officer defen

=== GROUP QUERY: Loot & Cargo (16 officers) ===
sys_prompt length: 1622
user_prompt length: 4320
total prompt: 5942 chars
--- SYSTEM PROMPT ---
You are an expert STFC (Star Trek Fleet Command) crew advisor. This is a MOBILE GAME by Scopely.

CREW MECHANICS:
- 1 Captain (CM fires ONCE at battle start) + 2 Bridge (OA always active) + optional Below Decks (BDA passive).
- Synergy: officers in the same group ('g' field) get bonus stats together.
- State chains: one officer applies a state via CM, another benefits via OA. Very powerful.

DATA FORMAT: n=name, rk=rank, g=group, cm=captain_maneuver, oa=officer_ability, bd=below_decks, t=tags

RULES:
1. ONLY use officer names from the provided list (these are OWNED officers).
2. Each crew = 1 captain + 2 bridge. No repeats across crews.
3. For each crew: explain WHY this captain (CM effect) and WHY each bridge (OA effect).

FOCUS: LOOT & CARGO crews. Loot multipliers, cargo, rep boosts, XP boosts. Maximize farming rewards.

Respond with ONLY valid JSON. Use EXACTLY this format:
{"crews":[{"captain":"NAME","bridge":["NAME","NAME"],"reasoning":"why"}]}
CRITICAL: captain and bridge values must be plain strings (exact names from the list), NOT objects.
Example: {"crews":[{"captain":"Nine of Eleven","bridge":["Barot","Neelix"],"reasoning":"explain why"}]}
IMPORTANT: You may ONLY use names from the officer list provided. Do NOT invent names.

--- CURRENT META KNOWLEDGE (from game experts) ---
Loot meta centers on Five of Eleven for hostile grinding and Enterprise-E Data for state-based multipliers, while T'Pring remains the queen of protected cargo.
--- END META KNOWLEDGE ---
Use the meta knowledge above to guide your crew choices. Prioritize synergies and captain choices that match the current meta.

--- USER PROMPT ---
Pick crews from ONLY these 16 officers:
- Nine of Eleven (CMD R5, UNIMATRIX TWELVE, synergy: 10%/5%)
  CM: Decrease Borg critical hit chance | 10%
  OA: oa: adapt & overcome +85% to the defense of all officers on the ship | 85% at R5
  Tags: [crit, stat_boost]
- Barot (SCI R5, SURVEYORS & MINERS, synergy: 30%/20%)
  CM: Increase Mining Speed (Crystal) | 40%
  OA: oa: deceptive weakness -30% to the opponent's hull health at the start of combat if attacked while mining | 30% at R5
- Neelix (SCI R5, VOYAGER) [BDA]
  CM: (Below Decks — no captain maneuver)
  OA: oa: procurement consultant +130% to active ability cost efficiency while on the u.s.s. voyager. | 130% at R5
  BDA: Chance to cause Burning versus non-player hostiles and Armadas, does not trigger with Tal on the bridge. | 100% at R5
  Tags: [applies:burning]
- Seven of Eleven (SCI R5, UNIMATRIX TWELVE, synergy: 35%/15%)
  CM: Chance to add 2 shots to each weapon when fighting Borg | 200%
  OA: oa: strengthen the unimatrix +100% to the health of all officers on the ship | 100% at R5
  Tags: [extra_shots, stat_boost]
- Stonn (ENG R5, SURVEYORS & MINERS, synergy: 30%/20%)
  CM: Increase Mining Speed (Ore) | 40%
  OA: oa: pack rat +40% to cargo size | 40% at R5
- T'Pring (CMD R5, SURVEYORS & MINERS, synergy: 30%/20%)
  CM: Increase Mining Speed (Gas) | 40%
  OA: oa: hidden stash +300% to protected cargo | 300% at R5
- Five of Eleven (ENG R5, UNIMATRIX TWELVE, synergy: 400%/200%)
  CM: Increase Mitigation by Officer Health | 200%
  OA: oa: you will be assimilated +100% to resources your ship receives from hostiles | 100% at R5
  Tags: [shield, mitigation]
- Ghrush (CMD R5, Syndicate, synergy: 25%/15%)
  CM: Increase Protected Cargo | 100%
  OA: oa: fight or flight +15% to warp range of this ship | 15% at R5
- Helvia (CMD R5, SURVEYORS & MINERS, synergy: 30%/20%)
  CM: Increase Parsteel mining | 40%
  OA: oa: gold rush +125% to warp speed when the cargo is empty | 125% at R5
- Enterprise-E Troi (SCI R4, ENTERPRISE-E) [BDA]
  CM: (Below Decks — no captain maneuver)
  OA: oa: psychoanalysis reduces the opponent's shield health by +1600% of total officer attack at the beginning of each round versus non-armada hostiles. | 12 at R4
  BDA: Increases Critical Hit Damage versus Armadas and Hostiles | 65% at R4
  Tags: [shield, stat_boost]
- Four of Eleven (ENG R4, UNIMATRIX TWELVE, synergy: 45%/30%)
  CM: Increase Ore mining speed | 60%
  OA: oa: cargo optimization algorithms +{2:0.#%} to cargo size. | 55% at R4
- Kathryn Janeway (CMD R4, VOYAGER, synergy: 7%/7%)
  CM: When you take hull damage from a non-player hostile os Armada, Increase Shield Mitigation for 1 round (cumulative) | 6%
  OA: oa: <i>kathryn janeway receives full synergy bonuses from all voyager officers regardless of class.</i> | 30% at R4
  Tags: [shield, mitigation, extra_shots, cumulative]
- Ten of Eleven (ENG R4, UNIMATRIX TWELVE, synergy: 75%/25%)
  CM: Increase Mining Speed (Par, Trit, Dil) | 50%
  OA: oa: tribble mining collective +160% to mining speed | 140% at R4
- The Doctor (SCI R4, VOYAGER) [BDA]
  CM: (Below Decks — no captain maneuver)
  OA: oa: over my dead program when you take hull damage from a non-player hostile or armada, the doctor increases your armor, shield deflection, and dodge by +2000% of health for 2 rounds. (cumulative). <i>(weapons with multiple shots will only trigger this ability once per attack.)</i> | 12 at R4
  BDA: Increases all resources dropped by hostiles | 35% at R4
  Tags: [shield, mitigation, extra_shots, cumulative]
- Raphaël DuPont (CMD R3, SURVEYORS & MINERS, synergy: 20%/10%)
  CM: Increase G3 Crystal, Gas and Mining Speed | 35%
  OA: oa: hidden stash +200% to protected cargo | 150% at R3
- Enterprise-E Picard (CMD R3, ENTERPRISE-E, synergy: 40%/20%)
  CM: Increases the rewards gained from Hostiles and Armadas | 60%
  OA: oa: we used to be explorers increases isolytic cascade damage by +10% for 3 rounds each time you hit a non-armada hostile (once per weapon). | 7% at R3
  Tags: [isolytic]

Focus on: loot multipliers, cargo capacity, rep boosts, XP boosts.

Build 2-3 crews. Each crew = 1 captain + 2 bridge officers.
You may ONLY use names from the numbered list above. Do NOT use any other names.
Return JSON: {"crews":[{"captain":"NAME","bridge":["NAME","NAME"],"reasoning":"why"}]}

=== GROUP RESULT: Loot & Cargo ===
ok=1 error=''
crews parsed: 3
history_id: 1775449426-9690
response:
```json
{
  "crews": [
    {
      "captain": "Five of Eleven",
      "bridge": ["Enterprise-E Picard", "The Doctor"],
      "reasoning": "Five of Eleven captain provides +100% resources from hostiles (meta loot multiplier). Enterprise-E Picard adds +60% rewards from hostiles/armadas. The Doctor BDA gives +35% to all hostile drops. This crew maximizes hostile farming rewards with triple loot bonuses."
    },
    {
      "captain": "T'Pring",
      "bridge": ["Stonn", "Four of Eleven"],
      "reasoning": "T'Pring captain gives +300% protected cargo (meta cargo protection). Stonn adds +40% cargo size, Four of Eleven adds +55% cargo size. All three have SURVEYORS & MINERS synergy (30%/20%). Perfect for safe resource transport and storage."
    },
    {
      "captain": "Enterprise-E Picard",
      "bridge": ["Ghrush", "Raphaël DuPont"],
      "reasoning": "Alternative loot crew with Enterprise-E Picard captain for +60% hostile/armada rewards. Ghrush provides +100% protected cargo, Rapha

=== GROUP QUERY: State Chain (16 officers) ===
sys_prompt length: 1756
user_prompt length: 5021
total prompt: 6777 chars
--- SYSTEM PROMPT ---
You are an expert STFC (Star Trek Fleet Command) crew advisor. This is a MOBILE GAME by Scopely.

CREW MECHANICS:
- 1 Captain (CM fires ONCE at battle start) + 2 Bridge (OA always active) + optional Below Decks (BDA passive).
- Synergy: officers in the same group ('g' field) get bonus stats together.
- State chains: one officer applies a state via CM, another benefits via OA. Very powerful.

DATA FORMAT: n=name, rk=rank, g=group, cm=captain_maneuver, oa=officer_ability, bd=below_decks, t=tags

RULES:
1. ONLY use officer names from the provided list (these are OWNED officers).
2. Each crew = 1 captain + 2 bridge. No repeats across crews.
3. For each crew: explain WHY this captain (CM effect) and WHY each bridge (OA effect).

FOCUS: STATE CHAIN crews. Match 'applies:X' with 'benefits:X' tags.
Captain CM should APPLY the state, bridge OA should BENEFIT from it.
States: burning, morale, breach, assimilate, isolytic. Chain combos are extremely powerful.

Respond with ONLY valid JSON. Use EXACTLY this format:
{"crews":[{"captain":"NAME","bridge":["NAME","NAME"],"reasoning":"why"}]}
CRITICAL: captain and bridge values must be plain strings (exact names from the list), NOT objects.
Example: {"crews":[{"captain":"Severus","bridge":["Decius","Marlena Moreau"],"reasoning":"explain why"}]}
IMPORTANT: You may ONLY use names from the officer list provided. Do NOT invent names.

--- CURRENT META KNOWLEDGE (from game experts) ---
State Chain crews rely on applying a specific status (Morale, Burning, or Breach) to unlock the secondary 'payoff' abilities of the bridge and below-deck officers.
--- END META KNOWLEDGE ---
Use the meta knowledge above to guide your crew choices. Prioritize synergies and captain choices that match the current meta.

--- USER PROMPT ---
Pick crews from ONLY these 16 officers:
- Severus (ENG R5, ROMULAN PATRIOTS, synergy: 5%/2%)
  CM: Decrease opponent's Hull Health each round if own ship is burning | 10%
  OA: oa: exploit overheat 60% to damage if the player's ship is burning | 60% at R5
  Tags: [benefits:burning]
- Decius (SCI R5, ROMULAN PATRIOTS, synergy: 30%/20%)
  CM: Increase Accuracy, Armor Piercing and Shield Piercing against stronger ships. | 10%
  OA: oa: honor guard +10% to damage each time the ship gets hit | 10% at R5
  Tags: [shield_pierce, armor_pierce, shield, mitigation]
- Marlena Moreau (SCI R5, SHAKEDOWN CRUISE)
  CM: cm: keep going 0% of shield health healed after winning | 40%
  OA: oa: no fear -70% to armor piercing, shield piercing and accuracy of hostiles.
  Tags: [shield_pierce, armor_pierce, shield, mitigation]
- Tuvok (SCI R5, VOYAGER) [BDA]
  CM: (Below Decks — no captain maneuver)
  OA: oa: artifact analysis +200% to artifact tokens gained from formation armadas. | 200% at R5
  BDA: Increases Voyager's Max Cargo Capacity | 400% at R5
- Yuki Sulu (ENG R5, SECTION 31, synergy: 5%/2%)
  CM: Decrease the shield Health of the opponent's ship each round | 10%
  OA: oa: romulan grudge 500% of the crew's health bonus to damage against romulans | 500% at R5
  Tags: [shield]
- Gorkon (CMD R5, KLINGON PATRIOTS, synergy: 10%/5%)
  CM: Increase Critical Hit Chances for first 2 rounds | 10%
  OA: oa: creating opportunities 90% chance to cause a hull breach for 3 rounds when hitting with a critical hit | 90% at R5
  Tags: [crit, applies:breach]
- LORCA (SCI R5, NEXT GEN, synergy: 50%/25%)
  CM: Decrease opponents damge if they have Hull Breach | 10%
  OA: oa: the dancing doctor +12% to the effectiveness of the captain maneuver | 12% at R5
  Tags: [applies:breach, benefits:breach]
- Enterprise-E Troi (SCI R4, ENTERPRISE-E) [BDA]
  CM: (Below Decks — no captain maneuver)
  OA: oa: psychoanalysis reduces the opponent's shield health by +1600% of total officer attack at the beginning of each round versus non-armada hostiles. | 12 at R4
  BDA: Increases Critical Hit Damage versus Armadas and Hostiles | 65% at R4
  Tags: [shield, stat_boost]
- Christopher Pike (CMD R4, SHAKEDOWN CRUISE, synergy: 80%/40%)
  CM: Increase the effectiveness of all Officer Abilities that trigger in combat | 40%
  OA: oa: advanced training +60% to ship xp earned with this ship | 50% at R4
- Liviana Charvanek (CMD R4, ROMULAN PATRIOTS, synergy: 10%/5%)
  CM: Chance to cause Burning for 3 rounds when Hull Health is lower than 80% | 100%
  OA: oa: mind games 1600% of the crew's health bonus to armor piercing | 800% at R4
  Tags: [armor_pierce, mitigation, applies:burning]
- Worf (CMD R3, TNG CREW, synergy: 15%/10%)
  CM: After winning a battle, Worf increases the Warp Speed of the ship. This bonus does not stack, and is removed when returning to your station. | 70%
  OA: oa: only fools have no fear +80% to all mitigation against non-player targets | 60% at R3
  Tags: [mitigation, cumulative]
- Alexander Marcus (CMD R3, SECTION 31, synergy: 10%/5%)
  CM: Chance to inspire morale when opponent's HHP is under 80% | 100%
  OA: oa: shady methods 800% of the crew's defense bonus to shield piercing | 400% at R3
  Tags: [shield_pierce, shield, applies:morale]
- Carol Freeman (CMD R3, LOWER DECKS CREW, synergy: 5%/5%)
  CM: On combat start against Players, Increase shots | 100%
  OA: oa: cerritos strong! on round start, if the enemy player has any state, carol freeman increases your isolytic cascade damage by +110% for 1 round. | 90% at R3
  Tags: [extra_shots, isolytic, benefits:assimilate, benefits:breach, benefits:burning, benefits:morale]
- Enterprise-E Picard (CMD R3, ENTERPRISE-E, synergy: 40%/20%)
  CM: Increases the rewards gained from Hostiles and Armadas | 60%
  OA: oa: we used to be explorers increases isolytic cascade damage by +10% for 3 rounds each time you hit a non-armada hostile (once per weapon). | 7% at R3
  Tags: [isolytic]
- Mirror Picard (CMD R3, MIRROR UNIVERSE, synergy: 50%/25%)
  CM: On round start against players, increases Isolytic Cascade | 50%
  OA: oa: anticollective on round start against players with assimilate, mirror picard increases your apex barrier by {2:#} for 1 round. | 17000 at R3
  Tags: [apex_barrier, isolytic, benefits:assimilate]
- Mirror Kira (CMD R2, MIRROR UNIVERSE, synergy: 150000%/150000%)
  CM: On round start against players, increases Apex Barrier for 5 rounds (cumulative) | 1500
  OA: oa: apex barrier provides <b>true damage mitigation</b> from all sources <i>after</i> all other bonuses. every 100 apex barrier increases the damage you can take by 1%. | 20% at R2
  Tags: [mitigation, apex_barrier, cumulative, benefits:assimilate]

Focus on: state application and benefit combos. Captain APPLY, bridge BENEFIT.

Build 2-3 crews. Each crew = 1 captain + 2 bridge officers.
You may ONLY use names from the numbered list above. Do NOT use any other names.
Return JSON: {"crews":[{"captain":"NAME","bridge":["NAME","NAME"],"reasoning":"why"}]}

=== GROUP RESULT: State Chain ===
ok=1 error=''
crews parsed: 3
history_id: 1775449434-2167
response:
Looking at the officers for state chain opportunities, I can identify several powerful combinations where captains apply states and bridge officers benefit from them.

```json
{
  "crews": [
    {
      "captain": "Liviana Charvanek",
      "bridge": ["Severus", "Carol Freeman"],
      "reasoning": "Perfect burning state chain: Liviana applies burning when hull drops below 80%, Severus benefits with 60% exploit overheat damage bonus when burning, and Carol Freeman gets 90% isolytic cascade damage boost when enemy has any state (burning). This creates a devastating damage amplification combo."
    },
    {
      "captain": "Gorkon",
      "bridge": ["LORCA", "Enterprise-E Troi"],
      "reasoning": "Breach state chain: Gorkon applies hull breach with 90% chance on critical hits (boosted by his 10% crit chance increase), LORCA benefits by reducing opponent damage when they have breach, and Enterprise-E Troi provides shield reduction and critical damage boost for sustained pressure."
    

=== GROUP QUERY: Apex & Isolytic (13 officers) ===
sys_prompt length: 1718
user_prompt length: 4529
total prompt: 6247 chars
--- SYSTEM PROMPT ---
You are an expert STFC (Star Trek Fleet Command) crew advisor. This is a MOBILE GAME by Scopely.

CREW MECHANICS:
- 1 Captain (CM fires ONCE at battle start) + 2 Bridge (OA always active) + optional Below Decks (BDA passive).
- Synergy: officers in the same group ('g' field) get bonus stats together.
- State chains: one officer applies a state via CM, another benefits via OA. Very powerful.

DATA FORMAT: n=name, rk=rank, g=group, cm=captain_maneuver, oa=officer_ability, bd=below_decks, t=tags

RULES:
1. ONLY use officer names from the provided list (these are OWNED officers).
2. Each crew = 1 captain + 2 bridge. No repeats across crews.
3. For each crew: explain WHY this captain (CM effect) and WHY each bridge (OA effect).

FOCUS: APEX & ISOLYTIC META crews. Rock-Paper-Scissors: apex_barrier absorbs damage, apex_shred strips barriers, isolytic_cascade bypasses defense, isolytic_defense reduces isolytic.
Knowing the counter matchup is critical.

Respond with ONLY valid JSON. Use EXACTLY this format:
{"crews":[{"captain":"NAME","bridge":["NAME","NAME"],"reasoning":"why"}]}
CRITICAL: captain and bridge values must be plain strings (exact names from the list), NOT objects.
Example: {"crews":[{"captain":"Tuvok","bridge":["Borg Queen","LORCA"],"reasoning":"explain why"}]}
IMPORTANT: You may ONLY use names from the officer list provided. Do NOT invent names.

--- CURRENT META KNOWLEDGE (from game experts) ---
The current high-end meta is a literal arms race between Carol Freeman's Isolytic Cascade offense and Mirror Data's Apex Barrier defense.
--- END META KNOWLEDGE ---
Use the meta knowledge above to guide your crew choices. Prioritize synergies and captain choices that match the current meta.

--- USER PROMPT ---
Pick crews from ONLY these 13 officers:
- Tuvok (SCI R5, VOYAGER) [BDA]
  CM: (Below Decks — no captain maneuver)
  OA: oa: artifact analysis +200% to artifact tokens gained from formation armadas. | 200% at R5
  BDA: Increases Voyager's Max Cargo Capacity | 400% at R5
- Borg Queen (CMD R5, UNIMATRIX TWELVE) [BDA]
  CM: (Below Decks — no captain maneuver)
  OA: oa: chaos into order 7% to critical hit chance when receiving hull damage from a borg solo armada. (cumulative) | 7% at R5
  BDA: While fighting a player ship with Assimilate, increase ship's Armor Piercing, Shield Piercing and Accuracy. Cumulative. | 500% at R5
  Tags: [crit, cumulative, benefits:assimilate]
- LORCA (SCI R5, NEXT GEN, synergy: 50%/25%)
  CM: Decrease opponents damge if they have Hull Breach | 10%
  OA: oa: the dancing doctor +12% to the effectiveness of the captain maneuver | 12% at R5
  Tags: [applies:breach, benefits:breach]
- Enterprise-E Troi (SCI R4, ENTERPRISE-E) [BDA]
  CM: (Below Decks — no captain maneuver)
  OA: oa: psychoanalysis reduces the opponent's shield health by +1600% of total officer attack at the beginning of each round versus non-armada hostiles. | 12 at R4
  BDA: Increases Critical Hit Damage versus Armadas and Hostiles | 65% at R4
  Tags: [shield, stat_boost]
- Kira Nerys (CMD R3, DEEP SPACE NINE) [BDA]
  CM: (Below Decks — no captain maneuver)
  OA: oa: steel determination kira nerys decreases shield mitigation by 8% at an assault. | 6% at R3
  BDA: Reduce opponent player Critical Hit Chance | 20% at R3
  Tags: [shield, mitigation]
- Worf (CMD R3, TNG CREW, synergy: 15%/10%)
  CM: After winning a battle, Worf increases the Warp Speed of the ship. This bonus does not stack, and is removed when returning to your station. | 70%
  OA: oa: only fools have no fear +80% to all mitigation against non-player targets | 60% at R3
  Tags: [mitigation, cumulative]
- Alexander Marcus (CMD R3, SECTION 31, synergy: 10%/5%)
  CM: Chance to inspire morale when opponent's HHP is under 80% | 100%
  OA: oa: shady methods 800% of the crew's defense bonus to shield piercing | 400% at R3
  Tags: [shield_pierce, shield, applies:morale]
- Carol Freeman (CMD R3, LOWER DECKS CREW, synergy: 5%/5%)
  CM: On combat start against Players, Increase shots | 100%
  OA: oa: cerritos strong! on round start, if the enemy player has any state, carol freeman increases your isolytic cascade damage by +110% for 1 round. | 90% at R3
  Tags: [extra_shots, isolytic, benefits:assimilate, benefits:breach, benefits:burning, benefits:morale]
- Enterprise-E Picard (CMD R3, ENTERPRISE-E, synergy: 40%/20%)
  CM: Increases the rewards gained from Hostiles and Armadas | 60%
  OA: oa: we used to be explorers increases isolytic cascade damage by +10% for 3 rounds each time you hit a non-armada hostile (once per weapon). | 7% at R3
  Tags: [isolytic]
- Gul Dukat (CMD R3, INTERCEPTOR STRIKE TEAM, synergy: 40%/20%)
  CM: While on an Interceptor fighting a player, at the start of a round, chance to apply Hull Breach for 3 rounds. | 100%
  OA: oa:  | 35% at R3
  Tags: [applies:breach, benefits:breach]
- Mirror Picard (CMD R3, MIRROR UNIVERSE, synergy: 50%/25%)
  CM: On round start against players, increases Isolytic Cascade | 50%
  OA: oa: anticollective on round start against players with assimilate, mirror picard increases your apex barrier by {2:#} for 1 round. | 17000 at R3
  Tags: [apex_barrier, isolytic, benefits:assimilate]
- Weyoun (CMD R3, EXPLORER STRIKE TEAM, synergy: 40%/10%)
  CM: On round start, chance to apply Morale for 3 rounds when fighting against a player, if on an Explorer | 100%
  OA: oa: manipulate, cajole, deceive increases weapon shots by +100% at the start of each round for 2 rounds when fighting players, if on an explorer with morale. | 88% at R3
  Tags: [extra_shots, applies:morale, benefits:morale]
- Mirror Kira (CMD R2, MIRROR UNIVERSE, synergy: 150000%/150000%)
  CM: On round start against players, increases Apex Barrier for 5 rounds (cumulative) | 1500
  OA: oa: apex barrier provides <b>true damage mitigation</b> from all sources <i>after</i> all other bonuses. every 100 apex barrier increases the damage you can take by 1%. | 20% at R2
  Tags: [mitigation, apex_barrier, cumulative, benefits:assimilate]

Focus on: the Rock-Paper-Scissors META.

Build 2-3 crews. Each crew = 1 captain + 2 bridge officers.
You may ONLY use names from the numbered list above. Do NOT use any other names.
Return JSON: {"crews":[{"captain":"NAME","bridge":["NAME","NAME"],"reasoning":"why"}]}

=== GROUP RESULT: Apex & Isolytic ===
ok=1 error=''
crews parsed: 3
history_id: 1775449444-4443
response:
```json
{
  "crews": [
    {
      "captain": "Carol Freeman",
      "bridge": ["Enterprise-E Picard", "Gul Dukat"],
      "reasoning": "Isolytic Cascade offense crew. Carol Freeman's CM gives +100% shots against players, and her OA boosts isolytic cascade damage by +90% when enemy has any state. Enterprise-E Picard's OA increases isolytic cascade damage by +7% for 3 rounds per hit. Gul Dukat applies Hull Breach states that trigger Carol's isolytic boost, creating a powerful state-chain synergy for maximum isolytic damage output."
    },
    {
      "captain": "Mirror Kira",
      "bridge": ["Mirror Picard", "Borg Queen"],
      "reasoning": "Apex Barrier defense crew. Mirror Kira's CM provides +1500 apex barrier per round (cumulative) and her OA gives true damage mitigation - every 100 apex barrier = 1% damage reduction. Mirror Picard's OA adds +17000 apex barrier against players with assimilate. Borg Queen's OA provides +7% crit chance when taking hull damage, and her BDA boosts armo

=== GROUP QUERY: PvE General (16 officers) ===
sys_prompt length: 1845
user_prompt length: 5545
total prompt: 7390 chars
--- SYSTEM PROMPT ---
You are an expert STFC (Star Trek Fleet Command) crew advisor. This is a MOBILE GAME by Scopely.

CREW MECHANICS:
- 1 Captain (CM fires ONCE at battle start) + 2 Bridge (OA always active) + optional Below Decks (BDA passive).
- Synergy: officers in the same group ('g' field) get bonus stats together.
- State chains: one officer applies a state via CM, another benefits via OA. Very powerful.

DATA FORMAT: n=name, rk=rank, g=group, cm=captain_maneuver, oa=officer_ability, bd=below_decks, t=tags

RULES:
1. ONLY use officer names from the provided list (these are OWNED officers).
2. Each crew = 1 captain + 2 bridge. No repeats across crews.
3. For each crew: explain WHY this captain (CM effect) and WHY each bridge (OA effect).

FOCUS: PvE HOSTILE GRINDING crews for daily swarm grinding, general hostiles.
Prioritize sustained damage, survivability, crit damage, extra shots.
Hull repair/shield regen keep you grinding longer without going home to repair.
Captain CM should be a big damage opener. Bridge OA should sustain DPS.

Respond with ONLY valid JSON. Use EXACTLY this format:
{"crews":[{"captain":"NAME","bridge":["NAME","NAME"],"reasoning":"why"}]}
CRITICAL: captain and bridge values must be plain strings (exact names from the list), NOT objects.
Example: {"crews":[{"captain":"Grace Chen","bridge":["Hugh Culber","B'Elanna Torres"],"reasoning":"explain why"}]}
IMPORTANT: You may ONLY use names from the officer list provided. Do NOT invent names.

--- CURRENT META KNOWLEDGE (from game experts) ---
General PvE revolves around mitigation scaling for low-level dailies (Pike/Moreau) and Isolytic damage/critical ramping (Janeway/Suder) for high-level G5/G6 power grinding.
--- END META KNOWLEDGE ---
Use the meta knowledge above to guide your crew choices. Prioritize synergies and captain choices that match the current meta.

--- USER PROMPT ---
Pick crews from ONLY these 16 officers:
- Grace Chen (SCI R5, STARFLEET ACADEMY, synergy: 15%/10%)
  CM: Increase Mitigations against Hostiles | 20%
  OA: oa: energy absorber -30% to energy damage dealt by enemy hostiles | 30% at R5
  Tags: [shield, mitigation]
- Hugh Culber (SCI R5, DISCOVERY CREW, synergy: 50%/25%)
  CM: Health to Armour when defending on a Capture Node | 50%
  OA: oa: learned from the best +25% to jumping and summoning cost efficiency | 25% at R5
  Tags: [mitigation]
- B'Elanna Torres (ENG R5, VOYAGER) [BDA]
  CM: (Below Decks — no captain maneuver)
  OA: oa: me against the galaxy when you take damage from a non-player hostile or armada, b'elanna torres increases your armor piercing, shield piercing, and accuracy by +1500% of attack for 1 round. (cumulative). <i>(weapons with multiple shots will only trigger this ability once per attack.)</i> | 15 at R5
  BDA: Chance to apply Hull Breach to non-player or Armada for 1 round | 100% at R5
  Tags: [shield_pierce, armor_pierce, shield, mitigation, extra_shots, cumulative, applies:breach]
- Marlena Moreau (SCI R5, SHAKEDOWN CRUISE)
  CM: cm: keep going 0% of shield health healed after winning | 40%
  OA: oa: no fear -70% to armor piercing, shield piercing and accuracy of hostiles.
  Tags: [shield_pierce, armor_pierce, shield, mitigation]
- Nyota Uhura (ENG R5, ENTERPRISE CREW, synergy: 20%/10%)
  CM: Chance to delay opponent's fire by 1 round when own shield is deleted | 100%
  OA: oa: target that signal +80% to this ship's accuracy | 80% at R5
  Tags: [shield]
- SNW Erica Ortegas (SCI R5, STRANGE NEW WORLDS, synergy: 10%/5%)
  CM: When fighting hostiles, SNW Ortegas increases critical hit chance against hostiles | 15%
  OA: oa: frequency plating increase armor, shield deflection, and dodge by 1800% of total health when attacking hostile explorers from a battleship. | 18 at R5
  Tags: [crit, shield, mitigation]
- Seven of Eleven (SCI R5, UNIMATRIX TWELVE, synergy: 35%/15%)
  CM: Chance to add 2 shots to each weapon when fighting Borg | 200%
  OA: oa: strengthen the unimatrix +100% to the health of all officers on the ship | 100% at R5
  Tags: [extra_shots, stat_boost]
- Spock (SCI R5, ENTERPRISE CREW, synergy: 10%/5%)
  CM: Increase Accuracy at the start of each round | 15%
  OA: oa: illogical 750% of total officer defense on the ship restored to the shield when having morale | 750% at R5
  Tags: [shield, stat_boost, benefits:morale]
- Five of Eleven (ENG R5, UNIMATRIX TWELVE, synergy: 400%/200%)
  CM: Increase Mitigation by Officer Health | 200%
  OA: oa: you will be assimilated +100% to resources your ship receives from hostiles | 100% at R5
  Tags: [shield, mitigation]
- T'Laan (SCI R5, STARFLEET ACADEMY, synergy: 5%/3%)
  CM: Increase Ship XP from battles | 15%
  OA: oa: objective defense -20% to kinetic damage dealt by enemy hostiles | 20% at R5
- Christopher Pike (CMD R4, SHAKEDOWN CRUISE, synergy: 80%/40%)
  CM: Increase the effectiveness of all Officer Abilities that trigger in combat | 40%
  OA: oa: advanced training +60% to ship xp earned with this ship | 50% at R4
- Kathryn Janeway (CMD R4, VOYAGER, synergy: 7%/7%)
  CM: When you take hull damage from a non-player hostile os Armada, Increase Shield Mitigation for 1 round (cumulative) | 6%
  OA: oa: <i>kathryn janeway receives full synergy bonuses from all voyager officers regardless of class.</i> | 30% at R4
  Tags: [shield, mitigation, extra_shots, cumulative]
- The Doctor (SCI R4, VOYAGER) [BDA]
  CM: (Below Decks — no captain maneuver)
  OA: oa: over my dead program when you take hull damage from a non-player hostile or armada, the doctor increases your armor, shield deflection, and dodge by +2000% of health for 2 rounds. (cumulative). <i>(weapons with multiple shots will only trigger this ability once per attack.)</i> | 12 at R4
  BDA: Increases all resources dropped by hostiles | 35% at R4
  Tags: [shield, mitigation, extra_shots, cumulative]
- Enterprise-E Picard (CMD R3, ENTERPRISE-E, synergy: 40%/20%)
  CM: Increases the rewards gained from Hostiles and Armadas | 60%
  OA: oa: we used to be explorers increases isolytic cascade damage by +10% for 3 rounds each time you hit a non-armada hostile (once per weapon). | 7% at R3
  Tags: [isolytic]
- Suder (ENG R2, VOYAGER 30TH ANNIVERSARY) [BDA]
  CM: (Below Decks — no captain maneuver)
  OA: oa: silence your demons repairs 18% of hull damage taken in the previous round of combat when fighting hostiles. | 15% at R2
  BDA: At the start of combat increases Critical Hit Damage for 5 rounds when fighting hostiles | 45% at R2
- Seska (SCI R2, VOYAGER 30TH ANNIVERSARY) [BDA]
  CM: (Below Decks — no captain maneuver)
  OA: oa: lone operative restores the shield health of your ship every round by 20% when fighting hostiles. | 16% at R2
  BDA: Increases Critical Hit Damage for 4 rounds each time you score a hit (Once per weapon) when fighting hostiles. | 16% at R2
  Tags: [shield]

Focus on: sustained damage, survivability, crit, extra shots, hull/shield regen.

IMPORTANT: The following officers are ALREADY ASSIGNED to locked crews. Do NOT use them in your recommendations:
- Alexander Marcus
- Carol Freeman
- Damar
- Gorkon
- LORCA
- Mirror Kira
- Mirror Picard
- Weyoun
- Yuki Sulu
Build complementary crews using ONLY the remaining officers.


Build 2-3 crews. Each crew = 1 captain + 2 bridge officers.
You may ONLY use names from the numbered list above. Do NOT use any other names.
Return JSON: {"crews":[{"captain":"NAME","bridge":["NAME","NAME"],"reasoning":"why"}]}

=== GROUP RESULT: PvE General ===
ok=1 error=''
crews parsed: 3
history_id: 1775449477-5326
response:
```json
{
  "crews": [
    {
      "captain": "Christopher Pike",
      "bridge": ["Marlena Moreau", "Grace Chen"],
      "reasoning": "Pike's CM boosts all officer abilities by 40%, amplifying Moreau's -70% hostile piercing/accuracy reduction and Grace Chen's -30% energy damage reduction. This creates exceptional mitigation scaling perfect for daily hostile grinding. Pike/Moreau is meta for low-level dailies due to massive damage reduction."
    },
    {
      "captain": "Kathryn Janeway",
      "bridge": ["Enterprise-E Picard", "Suder"],
      "reasoning": "Janeway's CM provides cumulative shield mitigation when taking hull damage, synergizing with Picard's isolytic cascade damage scaling (+10% per hit for 3 rounds) and Suder's hull repair (18% previous round damage). This crew excels at high-level G5/G6 grinding with isolytic damage ramping and sustain."
    },
    {
      "captain": "Five of Eleven",
      "bridge": ["Seven of Eleven", "The Doctor"],
      "reasoning": "Five's CM p

